date,dealer_id,model,units_sold,wholesale_value
2024-01-01,D001,Hatch-A,39,3859018.8
2024-01-01,D001,Sedan-Z,23,1740732.0
2024-01-01,D001,SUV-X,16,1837649.6
2024-01-01,D001,MPV-Y,11,827194.5
2024-01-01,D001,EV-E1,1,75650.8
2024-01-01,D002,Hatch-A,20,1213060.0
2024-01-01,D002,Sedan-Z,12,1151727.6
2024-01-01,D002,SUV-X,12,849913.2
2024-01-01,D002,MPV-Y,8,617468.8
2024-01-01,D003,Hatch-A,42,4149091.8
2024-01-01,D003,Sedan-Z,26,2768181.0
2024-01-01,D003,SUV-X,14,1354193.4
2024-01-01,D003,MPV-Y,5,553543.0
2024-01-01,D003,EV-E1,4,372926.0
2024-01-01,D004,Hatch-A,26,2643128.8
2024-01-01,D004,Sedan-Z,15,1315344.0
2024-01-01,D004,SUV-X,8,439187.2
2024-01-01,D004,MPV-Y,9,462587.4
2024-01-01,D004,EV-E1,7,760302.2
2024-01-01,D005,Hatch-A,16,1255689.6
2024-01-01,D005,Sedan-Z,12,636642.0
2024-01-01,D005,SUV-X,6,660996.6
2024-01-01,D005,MPV-Y,6,688783.2
2024-01-01,D005,EV-E1,7,367176.6
2024-01-01,D006,Hatch-A,36,2525990.4
2024-01-01,D006,Sedan-Z,21,1382509.8
2024-01-01,D006,SUV-X,14,957689.6
2024-01-01,D006,MPV-Y,5,557635.0
2024-01-01,D006,EV-E1,8,916731.2
2024-01-01,D007,Hatch-A,7,435686.3
2024-01-01,D007,Sedan-Z,18,1885872.6
2024-01-01,D007,SUV-X,3,183206.1
2024-01-01,D007,MPV-Y,12,1093628.4
2024-01-01,D007,EV-E1,4,279314.4
2024-01-01,D008,Hatch-A,33,2194166.7
2024-01-01,D008,Sedan-Z,26,2287971.4
2024-01-01,D008,SUV-X,22,2014133.0
2024-01-01,D008,MPV-Y,17,1190399.5
2024-01-01,D008,EV-E1,8,420751.2
2024-01-01,D009,Hatch-A,39,3074171.1
2024-01-01,D009,Sedan-Z,30,1727298.0
2024-01-01,D009,SUV-X,17,2015248.0
2024-01-01,D009,MPV-Y,16,1844262.4
2024-01-01,D010,Hatch-A,33,3139187.7
2024-01-01,D010,Sedan-Z,12,874291.2
2024-01-01,D010,SUV-X,21,2179449.3
2024-01-01,D010,MPV-Y,15,841630.5
2024-01-01,D010,EV-E1,5,546564.0
2024-01-01,D011,Hatch-A,26,1402317.8
2024-01-01,D011,Sedan-Z,19,1316842.5
2024-01-01,D011,SUV-X,19,1867111.0
2024-01-01,D011,MPV-Y,4,366752.0
2024-01-01,D011,EV-E1,2,186367.8
2024-01-01,D012,Hatch-A,20,1539072.0
2024-01-01,D012,Sedan-Z,21,1313879.7
2024-01-01,D012,SUV-X,15,1102750.5
2024-01-01,D012,MPV-Y,17,1162347.8
2024-01-01,D012,EV-E1,9,1010514.6
2024-01-01,D013,Hatch-A,23,2742789.1
2024-01-01,D013,Sedan-Z,16,1537726.4
2024-01-01,D013,SUV-X,16,1781332.8
2024-01-01,D013,MPV-Y,9,953087.4
2024-01-01,D013,EV-E1,7,598869.6
2024-01-01,D014,Hatch-A,32,3553568.0
2024-01-01,D014,Sedan-Z,28,2965317.6
2024-01-01,D014,SUV-X,19,1220717.7
2024-01-01,D014,MPV-Y,4,233958.4
2024-01-01,D014,EV-E1,7,683966.5
2024-01-01,D015,Hatch-A,33,2638838.4
2024-01-01,D015,Sedan-Z,19,2198607.8
2024-01-01,D015,SUV-X,11,1178696.2
2024-01-01,D015,MPV-Y,8,888215.2
2024-01-01,D016,Hatch-A,24,2748631.2
2024-01-01,D016,Sedan-Z,15,1455880.5
2024-01-01,D016,SUV-X,17,1485147.2
2024-01-01,D016,MPV-Y,5,308898.0
2024-01-01,D016,EV-E1,2,158399.8
2024-01-01,D017,Hatch-A,31,2728006.2
2024-01-01,D017,Sedan-Z,31,3713806.2
2024-01-01,D017,SUV-X,22,2267282.6
2024-01-01,D017,MPV-Y,14,1243501.0
2024-01-01,D017,EV-E1,10,1157917.0
2024-01-01,D018,Hatch-A,29,1836488.8
2024-01-01,D018,Sedan-Z,23,2195007.3
2024-01-01,D018,SUV-X,12,974702.4
2024-01-01,D018,MPV-Y,10,980047.0
2024-01-01,D019,Hatch-A,33,3100119.0
2024-01-01,D019,Sedan-Z,26,2887830.4
2024-01-01,D019,SUV-X,17,1032665.0
2024-01-01,D020,Hatch-A,17,1530185.3
2024-01-01,D020,Sedan-Z,15,1348666.5
2024-01-01,D020,SUV-X,10,650810.0
2024-01-01,D021,Hatch-A,36,4179456.0
2024-01-01,D021,Sedan-Z,25,1679590.0
2024-01-01,D021,SUV-X,28,3164758.8
2024-01-01,D021,MPV-Y,9,870264.0
2024-01-01,D021,EV-E1,4,233195.6
2024-01-01,D022,Hatch-A,39,3113588.4
2024-01-01,D022,Sedan-Z,27,2462202.9
2024-01-01,D022,SUV-X,22,1389020.6
2024-01-01,D022,MPV-Y,10,877812.0
2024-01-01,D022,EV-E1,10,768246.0
2024-01-01,D023,Hatch-A,20,2101858.0
2024-01-01,D023,Sedan-Z,5,594972.0
2024-01-01,D023,SUV-X,15,1298835.0
2024-01-01,D023,MPV-Y,5,472550.5
2024-01-01,D023,EV-E1,4,309294.8
2024-01-01,D024,Hatch-A,25,1295175.0
2024-01-01,D024,Sedan-Z,20,1352178.0
2024-01-01,D024,SUV-X,9,627652.8
2024-01-01,D024,MPV-Y,12,1236106.8
2024-01-01,D024,EV-E1,13,845340.6
2024-01-01,D025,Hatch-A,31,3608635.6
2024-01-01,D025,Sedan-Z,23,1655914.9
2024-01-01,D025,SUV-X,22,1681926.4
2024-01-01,D025,MPV-Y,32,3525961.6
2024-01-01,D025,EV-E1,11,1082728.9
2024-01-01,D026,Hatch-A,24,2669304.0
2024-01-01,D026,Sedan-Z,8,933060.8
2024-01-01,D026,SUV-X,2,229830.0
2024-01-01,D026,MPV-Y,6,690257.4
2024-01-01,D027,Hatch-A,33,1752379.2
2024-01-01,D027,Sedan-Z,11,627344.3
2024-01-01,D027,SUV-X,12,1153491.6
2024-01-01,D027,MPV-Y,15,920448.0
2024-01-01,D027,EV-E1,2,175367.2
2024-01-01,D028,Hatch-A,24,2667655.2
2024-01-01,D028,Sedan-Z,12,1155472.8
2024-01-01,D028,SUV-X,12,854172.0
2024-01-01,D028,MPV-Y,13,772818.8
2024-01-01,D028,EV-E1,7,513688.7
2024-01-01,D029,Hatch-A,10,586672.0
2024-01-01,D029,Sedan-Z,14,1537389.0
2024-01-01,D029,SUV-X,8,699768.0
2024-01-01,D030,Hatch-A,36,2765134.8
2024-01-01,D030,Sedan-Z,28,1609272.0
2024-01-01,D030,SUV-X,23,2020540.8
2024-01-01,D030,MPV-Y,11,744971.7
2024-01-01,D030,EV-E1,4,465266.0
2024-01-01,D031,Hatch-A,21,1904103.6
2024-01-01,D031,Sedan-Z,16,1514300.8
2024-01-01,D031,SUV-X,6,451658.4
2024-01-01,D031,MPV-Y,16,1547011.2
2024-01-01,D032,Hatch-A,14,902098.4
2024-01-01,D032,Sedan-Z,12,611322.0
2024-01-01,D032,SUV-X,6,568533.6
2024-01-01,D032,MPV-Y,5,289390.5
2024-01-01,D033,Hatch-A,28,3333699.6
2024-01-01,D033,Sedan-Z,29,1801398.8
2024-01-01,D033,SUV-X,8,447280.8
2024-01-01,D033,MPV-Y,9,896374.8
2024-01-01,D033,EV-E1,13,1118338.0
2024-01-01,D034,Hatch-A,13,1420474.9
2024-01-01,D034,Sedan-Z,14,1125766.6
2024-01-01,D034,SUV-X,14,713356.0
2024-01-01,D034,MPV-Y,11,757626.1
2024-01-01,D034,EV-E1,11,952958.6
2024-01-01,D035,Hatch-A,35,3626791.0
2024-01-01,D035,Sedan-Z,22,1878412.8
2024-01-01,D035,SUV-X,25,1878730.0
2024-01-01,D035,EV-E1,10,1004999.0
2024-01-01,D036,Hatch-A,23,1912663.9
2024-01-01,D036,Sedan-Z,10,765517.0
2024-01-01,D036,SUV-X,6,700512.6
2024-01-01,D036,MPV-Y,7,736146.6
2024-01-01,D036,EV-E1,1,111729.6
2024-01-01,D037,Hatch-A,33,2763740.1
2024-01-01,D037,Sedan-Z,33,2335967.7
2024-01-01,D037,SUV-X,16,805227.2
2024-01-01,D037,MPV-Y,17,990666.5
2024-01-01,D037,EV-E1,11,694632.4
2024-01-01,D038,Hatch-A,28,2889126.8
2024-01-01,D038,Sedan-Z,18,1303185.6
2024-01-01,D038,SUV-X,13,1321802.3
2024-01-01,D038,MPV-Y,9,552916.8
2024-01-01,D039,Hatch-A,35,1997240.0
2024-01-01,D039,Sedan-Z,27,1880771.4
2024-01-01,D039,SUV-X,24,2221668.0
2024-01-01,D039,MPV-Y,14,786066.4
2024-01-01,D039,EV-E1,10,1198646.0
2024-01-01,D040,Hatch-A,24,2729145.6
2024-01-01,D040,Sedan-Z,16,1815577.6
2024-01-01,D040,SUV-X,8,830948.0
2024-01-01,D040,EV-E1,4,247672.0
2024-01-01,D041,Hatch-A,37,3366981.5
2024-01-01,D041,Sedan-Z,30,2085012.0
2024-01-01,D041,SUV-X,21,1943598.3
2024-01-01,D041,MPV-Y,12,1144964.4
2024-01-01,D041,EV-E1,2,225416.6
2024-01-01,D042,Hatch-A,49,3528901.6
2024-01-01,D042,Sedan-Z,18,2056701.6
2024-01-01,D042,SUV-X,20,1645420.0
2024-01-01,D042,MPV-Y,11,648758.0
2024-01-01,D042,EV-E1,7,456831.9
2024-01-01,D043,Hatch-A,48,5411702.4
2024-01-01,D043,Sedan-Z,28,1901782.4
2024-01-01,D043,SUV-X,22,1557872.8
2024-01-01,D043,MPV-Y,19,1781206.3
2024-01-01,D043,EV-E1,7,377356.7
2024-01-01,D044,Hatch-A,36,3078896.4
2024-01-01,D044,Sedan-Z,18,950931.0
2024-01-01,D044,SUV-X,19,976233.3
2024-01-01,D044,MPV-Y,14,1252356.0
2024-01-01,D044,EV-E1,5,508961.5
2024-01-01,D045,Hatch-A,26,1828309.6
2024-01-01,D045,Sedan-Z,18,1347629.4
2024-01-01,D045,SUV-X,4,379338.0
2024-01-01,D045,MPV-Y,17,1678685.4
2024-01-01,D046,Hatch-A,18,2096631.0
2024-01-01,D046,Sedan-Z,21,1997131.5
2024-01-01,D046,SUV-X,12,1087598.4
2024-01-01,D046,MPV-Y,9,957227.4
2024-01-01,D046,EV-E1,7,701195.6
2024-01-01,D047,Hatch-A,27,2133432.0
2024-01-01,D047,Sedan-Z,12,1257897.6
2024-01-01,D047,SUV-X,13,1140054.5
2024-01-01,D047,MPV-Y,12,1153028.4
2024-01-01,D047,EV-E1,6,470325.6
2024-01-01,D048,Hatch-A,21,1595468.7
2024-01-01,D048,Sedan-Z,16,1821364.8
2024-01-01,D048,SUV-X,10,517640.0
2024-01-01,D048,MPV-Y,3,300332.4
2024-01-01,D049,Hatch-A,25,1681255.0
2024-01-01,D049,Sedan-Z,27,1770055.2
2024-01-01,D049,SUV-X,14,1100544.2
2024-01-01,D049,MPV-Y,6,339721.8
2024-01-01,D050,Hatch-A,36,3653002.8
2024-01-01,D050,Sedan-Z,15,1780921.5
2024-01-01,D050,SUV-X,16,1272721.6
2024-01-01,D050,MPV-Y,3,245756.1
2024-01-01,D050,EV-E1,8,952725.6
2024-02-01,D001,Hatch-A,35,2178407.0
2024-02-01,D001,Sedan-Z,23,1421427.6
2024-02-01,D001,SUV-X,18,1734400.8
2024-02-01,D001,MPV-Y,16,1720444.8
2024-02-01,D001,EV-E1,7,468274.8
2024-02-01,D002,Hatch-A,26,2665787.8
2024-02-01,D002,Sedan-Z,19,1164350.4
2024-02-01,D002,SUV-X,8,503022.4
2024-02-01,D002,EV-E1,10,769114.0
2024-02-01,D003,Hatch-A,40,2422280.0
2024-02-01,D003,Sedan-Z,27,2081284.2
2024-02-01,D003,SUV-X,18,1394832.6
2024-02-01,D003,MPV-Y,12,1408492.8
2024-02-01,D003,EV-E1,14,1179900.4
2024-02-01,D004,Hatch-A,22,1211346.4
2024-02-01,D004,Sedan-Z,21,1060098.9
2024-02-01,D004,SUV-X,13,862254.9
2024-02-01,D005,Hatch-A,17,1387329.2
2024-02-01,D005,Sedan-Z,10,1046237.0
2024-02-01,D005,SUV-X,12,710631.6
2024-02-01,D005,MPV-Y,9,482568.3
2024-02-01,D006,Hatch-A,28,2273784.8
2024-02-01,D006,Sedan-Z,25,2850132.5
2024-02-01,D006,SUV-X,15,1696758.0
2024-02-01,D006,MPV-Y,7,727679.4
2024-02-01,D006,EV-E1,17,925204.6
2024-02-01,D007,Hatch-A,23,2266535.0
2024-02-01,D007,Sedan-Z,20,1631652.0
2024-02-01,D007,SUV-X,11,557643.9
2024-02-01,D007,MPV-Y,11,899290.7
2024-02-01,D007,EV-E1,7,668571.4
2024-02-01,D008,Hatch-A,49,4105656.1
2024-02-01,D008,Sedan-Z,27,2172047.4
2024-02-01,D008,SUV-X,8,600700.0
2024-02-01,D008,MPV-Y,14,1494326.4
2024-02-01,D009,Hatch-A,38,3105614.6
2024-02-01,D009,Sedan-Z,29,3335577.1
2024-02-01,D009,SUV-X,20,1011138.0
2024-02-01,D009,MPV-Y,10,1094124.0
2024-02-01,D009,EV-E1,8,436001.6
2024-02-01,D010,Hatch-A,32,3717164.8
2024-02-01,D010,Sedan-Z,20,1344624.0
2024-02-01,D010,SUV-X,21,1590157.8
2024-02-01,D010,MPV-Y,13,1368926.0
2024-02-01,D010,EV-E1,11,1260328.3
2024-02-01,D011,Hatch-A,33,3236379.3
2024-02-01,D011,Sedan-Z,17,1039031.5
2024-02-01,D011,SUV-X,13,1383248.1
2024-02-01,D011,MPV-Y,9,567504.0
2024-02-01,D012,Hatch-A,23,1269013.5
2024-02-01,D012,Sedan-Z,12,855468.0
2024-02-01,D012,SUV-X,6,314174.4
2024-02-01,D012,MPV-Y,6,404575.8
2024-02-01,D013,Hatch-A,34,3307962.0
2024-02-01,D013,Sedan-Z,16,1630179.2
2024-02-01,D013,SUV-X,18,1151620.2
2024-02-01,D013,MPV-Y,10,889593.0
2024-02-01,D013,EV-E1,5,372560.5
2024-02-01,D014,Hatch-A,37,4336799.6
2024-02-01,D014,Sedan-Z,22,2087522.8
2024-02-01,D014,SUV-X,11,1169218.6
2024-02-01,D014,MPV-Y,4,428223.6
2024-02-01,D015,Hatch-A,26,1876932.2
2024-02-01,D015,Sedan-Z,12,601274.4
2024-02-01,D015,SUV-X,9,855008.1
2024-02-01,D015,MPV-Y,6,643321.8
2024-02-01,D015,EV-E1,1,89938.4
2024-02-01,D016,Hatch-A,15,1698580.5
2024-02-01,D016,Sedan-Z,20,1772386.0
2024-02-01,D016,SUV-X,3,158020.2
2024-02-01,D016,MPV-Y,14,1452077.2
2024-02-01,D016,EV-E1,6,501373.8
2024-02-01,D017,Hatch-A,46,4483459.0
2024-02-01,D017,Sedan-Z,35,3020220.0
2024-02-01,D017,SUV-X,23,2467290.5
2024-02-01,D017,MPV-Y,11,1209990.1
2024-02-01,D018,Hatch-A,20,1842480.0
2024-02-01,D018,Sedan-Z,12,739705.2
2024-02-01,D018,SUV-X,9,923303.7
2024-02-01,D018,MPV-Y,3,206163.0
2024-02-01,D018,EV-E1,1,64499.0
2024-02-01,D019,Hatch-A,30,3552318.0
2024-02-01,D019,Sedan-Z,24,1494919.2
2024-02-01,D019,SUV-X,23,1749538.7
2024-02-01,D019,MPV-Y,9,922620.6
2024-02-01,D020,Hatch-A,34,2167639.4
2024-02-01,D020,Sedan-Z,17,1250620.3
2024-02-01,D020,SUV-X,6,533806.8
2024-02-01,D020,MPV-Y,11,1173503.1
2024-02-01,D020,EV-E1,7,351341.9
2024-02-01,D021,Hatch-A,29,2928797.0
2024-02-01,D021,Sedan-Z,13,1393145.0
2024-02-01,D021,SUV-X,14,1525766.2
2024-02-01,D021,MPV-Y,7,407526.0
2024-02-01,D021,EV-E1,10,508512.0
2024-02-01,D022,Hatch-A,36,4164127.2
2024-02-01,D022,Sedan-Z,31,1838517.0
2024-02-01,D022,SUV-X,23,2539326.5
2024-02-01,D022,MPV-Y,19,1029948.2
2024-02-01,D022,EV-E1,8,694745.6
2024-02-01,D023,Hatch-A,23,1851667.9
2024-02-01,D023,Sedan-Z,17,1066425.3
2024-02-01,D023,SUV-X,7,812542.5
2024-02-01,D023,EV-E1,6,335157.6
2024-02-01,D024,Hatch-A,32,2723216.0
2024-02-01,D024,Sedan-Z,17,1551246.6
2024-02-01,D024,SUV-X,17,2004793.0
2024-02-01,D024,MPV-Y,13,842472.8
2024-02-01,D024,EV-E1,6,308436.0
2024-02-01,D025,Hatch-A,47,3244311.3
2024-02-01,D025,Sedan-Z,30,3553941.0
2024-02-01,D025,SUV-X,16,1544507.2
2024-02-01,D025,MPV-Y,1,71813.4
2024-02-01,D025,EV-E1,16,1747225.6
2024-02-01,D026,Hatch-A,13,1546188.8
2024-02-01,D026,Sedan-Z,17,1006847.1
2024-02-01,D026,MPV-Y,2,215841.0
2024-02-01,D026,EV-E1,4,289524.0
2024-02-01,D027,Hatch-A,22,2157546.6
2024-02-01,D027,Sedan-Z,25,2107635.0
2024-02-01,D027,SUV-X,14,735074.2
2024-02-01,D027,MPV-Y,15,1353993.0
2024-02-01,D027,EV-E1,9,478938.6
2024-02-01,D028,Hatch-A,26,1856249.2
2024-02-01,D028,Sedan-Z,12,638718.0
2024-02-01,D028,SUV-X,8,692048.0
2024-02-01,D028,MPV-Y,5,474198.0
2024-02-01,D028,EV-E1,7,458347.4
2024-02-01,D029,Hatch-A,17,1364717.5
2024-02-01,D029,Sedan-Z,3,267354.6
2024-02-01,D029,SUV-X,8,411505.6
2024-02-01,D029,MPV-Y,8,467432.8
2024-02-01,D029,EV-E1,8,518040.0
2024-02-01,D030,Hatch-A,43,3147815.0
2024-02-01,D030,Sedan-Z,28,2483202.4
2024-02-01,D030,SUV-X,28,3232930.4
2024-02-01,D030,MPV-Y,7,359907.1
2024-02-01,D030,EV-E1,3,330183.9
2024-02-01,D031,Hatch-A,18,1578918.6
2024-02-01,D031,Sedan-Z,6,345646.2
2024-02-01,D031,SUV-X,14,876239.0
2024-02-01,D031,MPV-Y,8,833324.8
2024-02-01,D031,EV-E1,7,836692.5
2024-02-01,D032,Hatch-A,16,1139121.6
2024-02-01,D032,Sedan-Z,16,800201.6
2024-02-01,D032,SUV-X,11,580395.2
2024-02-01,D032,MPV-Y,16,1201390.4
2024-02-01,D032,EV-E1,10,998716.0
2024-02-01,D033,Hatch-A,26,1764347.0
2024-02-01,D033,Sedan-Z,17,1952234.1
2024-02-01,D033,SUV-X,12,802202.4
2024-02-01,D033,MPV-Y,14,1305497.2
2024-02-01,D034,Hatch-A,28,2291542.4
2024-02-01,D034,Sedan-Z,10,513224.0
2024-02-01,D034,SUV-X,13,702959.4
2024-02-01,D034,MPV-Y,11,1063397.5
2024-02-01,D035,Hatch-A,23,1836577.6
2024-02-01,D035,Sedan-Z,13,1510785.9
2024-02-01,D035,SUV-X,13,1305812.3
2024-02-01,D035,MPV-Y,2,165934.0
2024-02-01,D035,EV-E1,10,1043385.0
2024-02-01,D036,Hatch-A,17,1981783.5
2024-02-01,D036,Sedan-Z,14,1498631.4
2024-02-01,D036,SUV-X,3,155944.8
2024-02-01,D036,MPV-Y,5,560509.5
2024-02-01,D037,Hatch-A,32,2086009.6
2024-02-01,D037,Sedan-Z,26,2667722.2
2024-02-01,D037,SUV-X,19,1807435.8
2024-02-01,D037,MPV-Y,12,712201.2
2024-02-01,D037,EV-E1,3,202059.6
2024-02-01,D038,Hatch-A,18,2006433.0
2024-02-01,D038,Sedan-Z,15,1390128.0
2024-02-01,D038,SUV-X,16,1741384.0
2024-02-01,D038,MPV-Y,8,510173.6
2024-02-01,D038,EV-E1,12,1058298.0
2024-02-01,D039,Hatch-A,36,2470464.0
2024-02-01,D039,Sedan-Z,8,861420.0
2024-02-01,D039,SUV-X,12,820410.0
2024-02-01,D039,MPV-Y,9,1017211.5
2024-02-01,D039,EV-E1,12,1206978.0
2024-02-01,D040,Hatch-A,19,1506361.8
2024-02-01,D040,Sedan-Z,20,1668804.0
2024-02-01,D040,SUV-X,14,755980.4
2024-02-01,D040,MPV-Y,3,248121.9
2024-02-01,D040,EV-E1,8,878235.2
2024-02-01,D041,Hatch-A,43,4767607.8
2024-02-01,D041,Sedan-Z,21,1075567.5
2024-02-01,D041,SUV-X,27,3093087.6
2024-02-01,D041,MPV-Y,7,777849.1
2024-02-01,D041,EV-E1,9,691464.6
2024-02-01,D042,Hatch-A,37,2792486.2
2024-02-01,D042,Sedan-Z,29,1935146.8
2024-02-01,D042,SUV-X,21,1354355.1
2024-02-01,D042,MPV-Y,19,1445729.0
2024-02-01,D042,EV-E1,11,575559.6
2024-02-01,D043,Hatch-A,32,2338512.0
2024-02-01,D043,Sedan-Z,21,1249319.4
2024-02-01,D043,SUV-X,11,1142772.4
2024-02-01,D043,MPV-Y,16,1850622.4
2024-02-01,D044,Hatch-A,47,2999328.5
2024-02-01,D044,Sedan-Z,24,2259602.4
2024-02-01,D044,SUV-X,20,2086702.0
2024-02-01,D044,MPV-Y,12,1420666.8
2024-02-01,D044,EV-E1,8,428763.2
2024-02-01,D045,Hatch-A,38,3783101.4
2024-02-01,D045,Sedan-Z,20,1645836.0
2024-02-01,D045,SUV-X,18,1464906.6
2024-02-01,D045,MPV-Y,3,185021.7
2024-02-01,D045,EV-E1,10,818277.0
2024-02-01,D046,Hatch-A,26,2647504.6
2024-02-01,D046,Sedan-Z,14,1478317.4
2024-02-01,D046,SUV-X,5,328864.5
2024-02-01,D046,MPV-Y,17,1959530.5
2024-02-01,D046,EV-E1,7,718137.0
2024-02-01,D047,Hatch-A,25,1323505.0
2024-02-01,D047,Sedan-Z,15,756394.5
2024-02-01,D047,SUV-X,18,1929981.6
2024-02-01,D047,MPV-Y,3,250897.8
2024-02-01,D047,EV-E1,10,863476.0
2024-02-01,D048,Hatch-A,22,1873755.4
2024-02-01,D048,Sedan-Z,11,1077297.1
2024-02-01,D048,SUV-X,17,1022330.7
2024-02-01,D048,MPV-Y,7,754294.8
2024-02-01,D048,EV-E1,2,216356.0
2024-02-01,D049,Hatch-A,28,2022496.0
2024-02-01,D049,Sedan-Z,26,2386742.8
2024-02-01,D049,SUV-X,17,1557822.2
2024-02-01,D049,MPV-Y,1,76699.7
2024-02-01,D049,EV-E1,4,433366.8
2024-02-01,D050,Hatch-A,33,2328315.0
2024-02-01,D050,Sedan-Z,29,3396509.0
2024-02-01,D050,SUV-X,11,683967.9
2024-02-01,D050,MPV-Y,10,1124712.0
2024-02-01,D050,EV-E1,17,2028548.8
2024-03-01,D001,Hatch-A,47,5206880.9
2024-03-01,D001,Sedan-Z,22,1221741.4
2024-03-01,D001,SUV-X,15,1578649.5
2024-03-01,D001,MPV-Y,12,1112683.2
2024-03-01,D001,EV-E1,11,1021886.8
2024-03-01,D002,Hatch-A,18,1224995.4
2024-03-01,D002,Sedan-Z,15,977344.5
2024-03-01,D002,SUV-X,20,2313402.0
2024-03-01,D002,MPV-Y,13,1419918.5
2024-03-01,D002,EV-E1,6,363253.8
2024-03-01,D003,Hatch-A,36,2078834.4
2024-03-01,D003,Sedan-Z,29,2197022.6
2024-03-01,D003,SUV-X,23,1253069.9
2024-03-01,D003,MPV-Y,13,1550325.4
2024-03-01,D003,EV-E1,1,84270.3
2024-03-01,D004,Hatch-A,26,1831999.0
2024-03-01,D004,Sedan-Z,19,1496542.6
2024-03-01,D004,SUV-X,10,781570.0
2024-03-01,D004,MPV-Y,11,1222760.0
2024-03-01,D005,Hatch-A,14,1483612.2
2024-03-01,D005,Sedan-Z,21,1995730.8
2024-03-01,D005,SUV-X,11,697460.5
2024-03-01,D005,MPV-Y,4,396182.8
2024-03-01,D005,EV-E1,2,190012.4
2024-03-01,D006,Hatch-A,30,1782213.0
2024-03-01,D006,Sedan-Z,27,3077719.2
2024-03-01,D006,SUV-X,15,1154562.0
2024-03-01,D006,MPV-Y,14,1544985.4
2024-03-01,D006,EV-E1,6,427102.2
2024-03-01,D007,Hatch-A,15,1438945.5
2024-03-01,D007,Sedan-Z,2,125068.2
2024-03-01,D007,SUV-X,13,1383540.6
2024-03-01,D007,MPV-Y,6,624395.4
2024-03-01,D007,EV-E1,3,332915.7
2024-03-01,D008,Hatch-A,36,3253795.2
2024-03-01,D008,Sedan-Z,23,1725448.5
2024-03-01,D008,SUV-X,26,1673744.8
2024-03-01,D008,MPV-Y,3,199761.9
2024-03-01,D008,EV-E1,5,466908.0
2024-03-01,D009,Hatch-A,41,2732535.2
2024-03-01,D009,Sedan-Z,24,2154504.0
2024-03-01,D009,SUV-X,27,2705254.2
2024-03-01,D009,MPV-Y,8,434400.8
2024-03-01,D009,EV-E1,3,279236.7
2024-03-01,D010,Hatch-A,43,4971513.8
2024-03-01,D010,Sedan-Z,37,2513602.4
2024-03-01,D010,SUV-X,16,1109252.8
2024-03-01,D010,MPV-Y,18,1443934.8
2024-03-01,D010,EV-E1,14,786331.0
2024-03-01,D011,Hatch-A,27,1853890.2
2024-03-01,D011,Sedan-Z,19,1226014.9
2024-03-01,D011,SUV-X,12,1159159.2
2024-03-01,D011,MPV-Y,9,509635.8
2024-03-01,D011,EV-E1,12,1049998.8
2024-03-01,D012,Hatch-A,18,2131543.8
2024-03-01,D012,Sedan-Z,25,1989510.0
2024-03-01,D012,SUV-X,7,678281.8
2024-03-01,D012,MPV-Y,6,445569.0
2024-03-01,D012,EV-E1,9,489277.8
2024-03-01,D013,Hatch-A,32,2646131.2
2024-03-01,D013,Sedan-Z,25,2379945.0
2024-03-01,D013,SUV-X,14,1481242.0
2024-03-01,D013,MPV-Y,6,706268.4
2024-03-01,D013,EV-E1,4,361247.6
2024-03-01,D014,Hatch-A,38,4401844.0
2024-03-01,D014,Sedan-Z,24,1507972.8
2024-03-01,D014,SUV-X,15,1735426.5
2024-03-01,D014,MPV-Y,12,719539.2
2024-03-01,D014,EV-E1,15,879346.5
2024-03-01,D015,Hatch-A,32,3168134.4
2024-03-01,D015,Sedan-Z,25,2395745.0
2024-03-01,D015,SUV-X,12,1417982.4
2024-03-01,D015,MPV-Y,5,510273.5
2024-03-01,D015,EV-E1,11,1295683.4
2024-03-01,D016,Hatch-A,24,1667260.8
2024-03-01,D016,Sedan-Z,12,1115670.0
2024-03-01,D016,SUV-X,6,325520.4
2024-03-01,D016,MPV-Y,8,753648.8
2024-03-01,D016,EV-E1,1,68900.4
2024-03-01,D017,Hatch-A,37,3659196.4
2024-03-01,D017,Sedan-Z,26,1496086.8
2024-03-01,D017,SUV-X,19,1259772.2
2024-03-01,D017,MPV-Y,13,868897.9
2024-03-01,D017,EV-E1,13,912668.9
2024-03-01,D018,Hatch-A,22,2421166.0
2024-03-01,D018,Sedan-Z,15,1403134.5
2024-03-01,D018,SUV-X,18,1159835.4
2024-03-01,D018,MPV-Y,13,1450338.5
2024-03-01,D019,Hatch-A,33,3656713.5
2024-03-01,D019,Sedan-Z,23,2159136.5
2024-03-01,D019,SUV-X,14,1156444.8
2024-03-01,D019,MPV-Y,7,768527.9
2024-03-01,D019,EV-E1,1,87682.6
2024-03-01,D020,Hatch-A,20,2028514.0
2024-03-01,D020,Sedan-Z,15,1722111.0
2024-03-01,D020,SUV-X,7,722470.7
2024-03-01,D020,MPV-Y,12,947071.2
2024-03-01,D020,EV-E1,1,72728.6
2024-03-01,D021,Hatch-A,21,1538737.2
2024-03-01,D021,Sedan-Z,17,1988401.6
2024-03-01,D021,SUV-X,21,1361963.4
2024-03-01,D021,MPV-Y,10,785555.0
2024-03-01,D021,EV-E1,7,570115.7
2024-03-01,D022,Hatch-A,41,3215162.6
2024-03-01,D022,Sedan-Z,16,1186449.6
2024-03-01,D022,SUV-X,16,1194708.8
2024-03-01,D022,MPV-Y,9,945647.1
2024-03-01,D022,EV-E1,3,221508.0
2024-03-01,D023,Hatch-A,23,2107340.5
2024-03-01,D023,Sedan-Z,22,1717722.6
2024-03-01,D023,SUV-X,4,351126.4
2024-03-01,D023,MPV-Y,7,650762.0
2024-03-01,D023,EV-E1,7,520361.1
2024-03-01,D024,Hatch-A,33,2797400.1
2024-03-01,D024,Sedan-Z,23,2546484.1
2024-03-01,D024,SUV-X,21,1550346.0
2024-03-01,D024,MPV-Y,9,493053.3
2024-03-01,D025,Hatch-A,35,3031857.5
2024-03-01,D025,Sedan-Z,35,3846612.0
2024-03-01,D025,SUV-X,21,2324261.1
2024-03-01,D025,MPV-Y,8,603476.8
2024-03-01,D025,EV-E1,16,1056129.6
2024-03-01,D026,Hatch-A,19,1688321.0
2024-03-01,D026,Sedan-Z,6,706298.4
2024-03-01,D026,SUV-X,14,790003.2
2024-03-01,D026,MPV-Y,11,1030286.4
2024-03-01,D026,EV-E1,7,377649.3
2024-03-01,D027,Hatch-A,42,3405910.2
2024-03-01,D027,Sedan-Z,19,1515500.8
2024-03-01,D027,SUV-X,13,902921.5
2024-03-01,D027,MPV-Y,10,1147008.0
2024-03-01,D028,Hatch-A,21,1419759.6
2024-03-01,D028,Sedan-Z,7,825130.6
2024-03-01,D028,SUV-X,4,220344.4
2024-03-01,D028,MPV-Y,11,559985.8
2024-03-01,D028,EV-E1,6,494947.2
2024-03-01,D029,Hatch-A,22,2512664.0
2024-03-01,D029,Sedan-Z,18,2068988.4
2024-03-01,D029,SUV-X,19,1925245.3
2024-03-01,D029,MPV-Y,8,691487.2
2024-03-01,D029,EV-E1,7,634791.5
2024-03-01,D030,Hatch-A,42,4406278.8
2024-03-01,D030,Sedan-Z,36,2154639.6
2024-03-01,D030,SUV-X,18,1392834.6
2024-03-01,D030,MPV-Y,12,718581.6
2024-03-01,D030,EV-E1,13,848068.0
2024-03-01,D031,Hatch-A,19,1352718.3
2024-03-01,D031,Sedan-Z,7,400900.5
2024-03-01,D031,SUV-X,7,408230.2
2024-03-01,D031,MPV-Y,4,474900.0
2024-03-01,D031,EV-E1,6,342195.6
2024-03-01,D032,Hatch-A,18,2050707.6
2024-03-01,D032,Sedan-Z,7,689087.0
2024-03-01,D032,SUV-X,16,1346728.0
2024-03-01,D032,EV-E1,1,107951.8
2024-03-01,D033,Hatch-A,32,3263948.8
2024-03-01,D033,Sedan-Z,17,1641786.9
2024-03-01,D033,SUV-X,14,1024025.8
2024-03-01,D033,MPV-Y,12,1129348.8
2024-03-01,D034,Hatch-A,13,1212456.7
2024-03-01,D034,Sedan-Z,29,2444589.8
2024-03-01,D034,SUV-X,12,920216.4
2024-03-01,D034,MPV-Y,4,212634.0
2024-03-01,D034,EV-E1,3,274569.3
2024-03-01,D035,Hatch-A,37,3281237.7
2024-03-01,D035,Sedan-Z,28,2183781.6
2024-03-01,D035,SUV-X,10,749474.0
2024-03-01,D035,MPV-Y,3,228034.8
2024-03-01,D035,EV-E1,1,51997.5
2024-03-01,D036,Hatch-A,22,1447149.0
2024-03-01,D036,Sedan-Z,15,1332114.0
2024-03-01,D036,SUV-X,9,1044007.2
2024-03-01,D036,MPV-Y,9,1010344.5
2024-03-01,D036,EV-E1,1,79719.0
2024-03-01,D037,Hatch-A,44,2646688.0
2024-03-01,D037,Sedan-Z,17,1845452.0
2024-03-01,D037,SUV-X,13,848898.7
2024-03-01,D037,MPV-Y,18,1527514.2
2024-03-01,D038,Hatch-A,19,1035002.2
2024-03-01,D038,Sedan-Z,4,280932.8
2024-03-01,D038,SUV-X,7,617910.3
2024-03-01,D038,MPV-Y,2,183343.0
2024-03-01,D038,EV-E1,5,435500.0
2024-03-01,D039,Hatch-A,37,2649880.8
2024-03-01,D039,Sedan-Z,24,1915416.0
2024-03-01,D039,SUV-X,23,1362345.2
2024-03-01,D039,MPV-Y,19,1374718.4
2024-03-01,D039,EV-E1,8,912943.2
2024-03-01,D040,Hatch-A,32,3073580.8
2024-03-01,D040,Sedan-Z,27,1443708.9
2024-03-01,D040,SUV-X,26,2648040.2
2024-03-01,D040,MPV-Y,10,853299.0
2024-03-01,D040,EV-E1,1,65849.2
2024-03-01,D041,Hatch-A,32,2682892.8
2024-03-01,D041,Sedan-Z,29,1912480.4
2024-03-01,D041,SUV-X,28,3350466.0
2024-03-01,D041,MPV-Y,16,1197600.0
2024-03-01,D041,EV-E1,16,1114772.8
2024-03-01,D042,Hatch-A,37,4259562.1
2024-03-01,D042,Sedan-Z,18,911826.0
2024-03-01,D042,SUV-X,22,1828043.8
2024-03-01,D042,MPV-Y,15,808593.0
2024-03-01,D043,Hatch-A,34,3052132.4
2024-03-01,D043,Sedan-Z,29,1803402.7
2024-03-01,D043,SUV-X,16,1815944.0
2024-03-01,D043,MPV-Y,22,1206304.0
2024-03-01,D043,EV-E1,6,471739.8
2024-03-01,D044,Hatch-A,49,2628786.3
2024-03-01,D044,Sedan-Z,27,2193161.4
2024-03-01,D044,SUV-X,22,1482569.0
2024-03-01,D044,MPV-Y,16,1250643.2
2024-03-01,D044,EV-E1,7,680492.4
2024-03-01,D045,Hatch-A,20,1925570.0
2024-03-01,D045,Sedan-Z,24,2706472.8
2024-03-01,D045,SUV-X,6,681340.2
2024-03-01,D045,MPV-Y,14,1655595.2
2024-03-01,D045,EV-E1,3,275741.7
2024-03-01,D046,Hatch-A,18,1835598.6
2024-03-01,D046,Sedan-Z,5,492482.5
2024-03-01,D046,SUV-X,5,268160.5
2024-03-01,D046,MPV-Y,10,656498.0
2024-03-01,D046,EV-E1,6,310663.2
2024-03-01,D047,Hatch-A,29,2141328.1
2024-03-01,D047,Sedan-Z,20,2278860.0
2024-03-01,D047,SUV-X,8,931574.4
2024-03-01,D047,MPV-Y,1,70878.6
2024-03-01,D048,Hatch-A,10,639999.0
2024-03-01,D048,Sedan-Z,7,793885.4
2024-03-01,D048,SUV-X,7,667414.3
2024-03-01,D048,MPV-Y,7,732830.0
2024-03-01,D048,EV-E1,11,797553.9
2024-03-01,D049,Hatch-A,21,2249324.7
2024-03-01,D049,Sedan-Z,20,1671828.0
2024-03-01,D049,SUV-X,18,1715589.0
2024-03-01,D049,MPV-Y,12,1418816.4
2024-03-01,D049,EV-E1,8,654585.6
2024-03-01,D050,Hatch-A,40,4612364.0
2024-03-01,D050,Sedan-Z,25,2350242.5
2024-03-01,D050,SUV-X,22,1778825.4
2024-03-01,D050,MPV-Y,4,476695.2
2024-03-01,D050,EV-E1,6,718807.2
2024-04-01,D001,Hatch-A,39,2425796.1
2024-04-01,D001,Sedan-Z,32,1967337.6
2024-04-01,D001,SUV-X,27,3237181.2
2024-04-01,D001,MPV-Y,16,1211788.8
2024-04-01,D001,EV-E1,1,67521.1
2024-04-01,D002,Hatch-A,21,1427548.5
2024-04-01,D002,Sedan-Z,11,1080461.8
2024-04-01,D002,SUV-X,13,805655.5
2024-04-01,D002,MPV-Y,6,517347.6
2024-04-01,D002,EV-E1,6,492799.8
2024-04-01,D003,Hatch-A,36,3264800.4
2024-04-01,D003,Sedan-Z,26,2892479.2
2024-04-01,D003,SUV-X,25,1601267.5
2024-04-01,D003,MPV-Y,14,1015224.0
2024-04-01,D003,EV-E1,9,990396.9
2024-04-01,D004,Hatch-A,26,1496008.8
2024-04-01,D004,Sedan-Z,14,1025641.4
2024-04-01,D004,SUV-X,11,690617.4
2024-04-01,D004,MPV-Y,3,284712.6
2024-04-01,D004,EV-E1,7,650766.9
2024-04-01,D005,Hatch-A,30,2483475.0
2024-04-01,D005,Sedan-Z,9,660947.4
2024-04-01,D005,SUV-X,6,691106.4
2024-04-01,D005,MPV-Y,17,1181918.2
2024-04-01,D005,EV-E1,6,329462.4
2024-04-01,D006,Hatch-A,28,1591486.4
2024-04-01,D006,Sedan-Z,26,2043223.0
2024-04-01,D006,SUV-X,23,1360813.4
2024-04-01,D006,MPV-Y,7,665700.0
2024-04-01,D007,Hatch-A,22,2263021.2
2024-04-01,D007,Sedan-Z,13,1075427.6
2024-04-01,D007,SUV-X,7,555837.8
2024-04-01,D007,MPV-Y,16,1841881.6
2024-04-01,D007,EV-E1,6,716935.2
2024-04-01,D008,Hatch-A,47,3837065.9
2024-04-01,D008,Sedan-Z,30,2113353.0
2024-04-01,D008,SUV-X,12,934320.0
2024-04-01,D008,MPV-Y,7,397605.6
2024-04-01,D008,EV-E1,2,175507.8
2024-04-01,D009,Hatch-A,45,3478050.0
2024-04-01,D009,Sedan-Z,24,2306944.8
2024-04-01,D009,SUV-X,20,1331150.0
2024-04-01,D009,MPV-Y,5,499749.5
2024-04-01,D010,Hatch-A,32,2333404.8
2024-04-01,D010,Sedan-Z,25,2874572.5
2024-04-01,D010,SUV-X,16,1618844.8
2024-04-01,D010,MPV-Y,11,945655.7
2024-04-01,D010,EV-E1,15,1734031.5
2024-04-01,D011,Hatch-A,32,1737049.6
2024-04-01,D011,Sedan-Z,20,1545340.0
2024-04-01,D011,SUV-X,11,805245.1
2024-04-01,D011,MPV-Y,12,1021052.4
2024-04-01,D011,EV-E1,12,1421625.6
2024-04-01,D012,Hatch-A,19,1536383.7
2024-04-01,D012,Sedan-Z,19,1137226.0
2024-04-01,D012,SUV-X,13,1465145.5
2024-04-01,D012,MPV-Y,11,570627.2
2024-04-01,D012,EV-E1,7,818128.5
2024-04-01,D013,Hatch-A,26,2902031.6
2024-04-01,D013,Sedan-Z,21,1301932.8
2024-04-01,D013,SUV-X,15,1551004.5
2024-04-01,D013,MPV-Y,22,1142171.8
2024-04-01,D013,EV-E1,1,71540.0
2024-04-01,D014,Hatch-A,24,2543695.2
2024-04-01,D014,Sedan-Z,20,1896660.0
2024-04-01,D014,SUV-X,18,1601917.2
2024-04-01,D014,MPV-Y,4,214414.0
2024-04-01,D015,Hatch-A,31,2969266.8
2024-04-01,D015,Sedan-Z,27,1517208.3
2024-04-01,D015,SUV-X,2,157462.6
2024-04-01,D015,MPV-Y,10,587468.0
2024-04-01,D015,EV-E1,9,978678.9
2024-04-01,D016,Hatch-A,19,1090335.9
2024-04-01,D016,Sedan-Z,12,1277698.8
2024-04-01,D016,SUV-X,8,773612.8
2024-04-01,D016,MPV-Y,4,281592.4
2024-04-01,D017,Hatch-A,39,3732128.4
2024-04-01,D017,Sedan-Z,26,1377958.4
2024-04-01,D017,SUV-X,19,1372402.3
2024-04-01,D017,MPV-Y,17,1348438.3
2024-04-01,D017,EV-E1,3,310627.8
2024-04-01,D018,Hatch-A,23,2738513.4
2024-04-01,D018,Sedan-Z,8,753168.0
2024-04-01,D018,SUV-X,8,596101.6
2024-04-01,D018,MPV-Y,11,1161721.0
2024-04-01,D019,Hatch-A,30,1523901.0
2024-04-01,D019,Sedan-Z,22,2279549.8
2024-04-01,D019,SUV-X,18,1894440.6
2024-04-01,D019,MPV-Y,10,751537.0
2024-04-01,D019,EV-E1,8,703640.8
2024-04-01,D020,Hatch-A,18,1747947.6
2024-04-01,D020,Sedan-Z,21,1684338.6
2024-04-01,D020,SUV-X,16,1707521.6
2024-04-01,D020,MPV-Y,3,282917.1
2024-04-01,D020,EV-E1,3,295583.4
2024-04-01,D021,Hatch-A,27,1895551.2
2024-04-01,D021,Sedan-Z,17,1233297.3
2024-04-01,D021,SUV-X,11,719799.3
2024-04-01,D021,MPV-Y,7,746099.2
2024-04-01,D021,EV-E1,5,261656.0
2024-04-01,D022,Hatch-A,39,3616809.3
2024-04-01,D022,Sedan-Z,30,2988111.0
2024-04-01,D022,SUV-X,12,898874.4
2024-04-01,D022,MPV-Y,17,946937.4
2024-04-01,D022,EV-E1,9,750035.7
2024-04-01,D023,Hatch-A,14,1385476.4
2024-04-01,D023,Sedan-Z,20,1577718.0
2024-04-01,D023,SUV-X,3,299298.0
2024-04-01,D023,MPV-Y,6,345823.8
2024-04-01,D023,EV-E1,2,146842.6
2024-04-01,D024,Hatch-A,24,1690478.4
2024-04-01,D024,Sedan-Z,28,3250525.6
2024-04-01,D024,SUV-X,18,1299751.2
2024-04-01,D024,MPV-Y,5,481773.5
2024-04-01,D024,EV-E1,4,361540.0
2024-04-01,D025,Hatch-A,44,3482353.6
2024-04-01,D025,Sedan-Z,25,1276872.5
2024-04-01,D025,SUV-X,17,1232532.3
2024-04-01,D025,MPV-Y,8,741261.6
2024-04-01,D026,Hatch-A,18,1361795.4
2024-04-01,D026,Sedan-Z,15,830028.0
2024-04-01,D026,SUV-X,11,1016539.7
2024-04-01,D026,MPV-Y,3,338659.2
2024-04-01,D026,EV-E1,8,556570.4
2024-04-01,D027,Hatch-A,22,1584371.8
2024-04-01,D027,Sedan-Z,17,1894889.7
2024-04-01,D027,SUV-X,25,2521697.5
2024-04-01,D027,MPV-Y,6,553090.8
2024-04-01,D028,Hatch-A,19,963488.1
2024-04-01,D028,Sedan-Z,19,2003358.1
2024-04-01,D028,SUV-X,9,507542.4
2024-04-01,D028,MPV-Y,3,246919.2
2024-04-01,D028,EV-E1,3,296253.0
2024-04-01,D029,Hatch-A,19,2116330.2
2024-04-01,D029,Sedan-Z,14,1575424.2
2024-04-01,D029,SUV-X,10,1118727.0
2024-04-01,D029,MPV-Y,4,256485.6
2024-04-01,D030,Hatch-A,32,3679084.8
2024-04-01,D030,Sedan-Z,23,1218898.8
2024-04-01,D030,SUV-X,17,1255178.0
2024-04-01,D030,MPV-Y,18,2089438.2
2024-04-01,D030,EV-E1,10,921486.0
2024-04-01,D031,Hatch-A,25,2880460.0
2024-04-01,D031,Sedan-Z,10,1190504.0
2024-04-01,D031,SUV-X,4,283372.8
2024-04-01,D031,MPV-Y,4,272820.4
2024-04-01,D031,EV-E1,10,952776.0
2024-04-01,D032,Hatch-A,23,2233888.8
2024-04-01,D032,Sedan-Z,11,1165177.2
2024-04-01,D032,SUV-X,10,918443.0
2024-04-01,D032,MPV-Y,1,113250.0
2024-04-01,D032,EV-E1,3,319007.7
2024-04-01,D033,Hatch-A,33,3695158.5
2024-04-01,D033,Sedan-Z,22,1425549.4
2024-04-01,D033,SUV-X,17,895570.2
2024-04-01,D033,MPV-Y,8,540857.6
2024-04-01,D034,Hatch-A,11,1242692.0
2024-04-01,D034,Sedan-Z,11,998257.7
2024-04-01,D034,SUV-X,6,350448.0
2024-04-01,D034,EV-E1,8,499557.6
2024-04-01,D035,Hatch-A,33,3504372.3
2024-04-01,D035,Sedan-Z,18,1450969.2
2024-04-01,D035,SUV-X,19,1686690.8
2024-04-01,D035,MPV-Y,5,520142.5
2024-04-01,D035,EV-E1,7,591297.0
2024-04-01,D036,Hatch-A,24,2807834.4
2024-04-01,D036,Sedan-Z,13,725406.5
2024-04-01,D036,SUV-X,8,573857.6
2024-04-01,D036,MPV-Y,8,468365.6
2024-04-01,D037,Hatch-A,40,3271500.0
2024-04-01,D037,Sedan-Z,22,2596479.6
2024-04-01,D037,SUV-X,19,1287360.2
2024-04-01,D037,MPV-Y,15,1567282.5
2024-04-01,D037,EV-E1,1,105133.2
2024-04-01,D038,Hatch-A,12,680712.0
2024-04-01,D038,Sedan-Z,17,1438421.0
2024-04-01,D038,SUV-X,17,900532.5
2024-04-01,D038,MPV-Y,8,864588.0
2024-04-01,D038,EV-E1,8,948132.8
2024-04-01,D039,Hatch-A,40,3663488.0
2024-04-01,D039,Sedan-Z,19,1054779.3
2024-04-01,D039,SUV-X,18,1071145.8
2024-04-01,D039,MPV-Y,8,707892.0
2024-04-01,D039,EV-E1,7,834466.5
2024-04-01,D040,Hatch-A,22,1276224.4
2024-04-01,D040,Sedan-Z,27,1532776.5
2024-04-01,D040,SUV-X,19,1769120.4
2024-04-01,D040,MPV-Y,18,2039517.0
2024-04-01,D040,EV-E1,18,934259.4
2024-04-01,D041,Hatch-A,40,2778036.0
2024-04-01,D041,Sedan-Z,27,2370246.3
2024-04-01,D041,SUV-X,23,2692699.7
2024-04-01,D041,MPV-Y,16,987715.2
2024-04-01,D041,EV-E1,9,852801.3
2024-04-01,D042,Hatch-A,41,3759609.8
2024-04-01,D042,Sedan-Z,34,2090707.6
2024-04-01,D042,SUV-X,17,1781588.1
2024-04-01,D042,MPV-Y,5,382083.5
2024-04-01,D043,Hatch-A,37,2922667.0
2024-04-01,D043,Sedan-Z,23,1306627.7
2024-04-01,D043,SUV-X,28,3004836.8
2024-04-01,D043,MPV-Y,13,1486429.1
2024-04-01,D043,EV-E1,10,798871.0
2024-04-01,D044,Hatch-A,34,2070868.6
2024-04-01,D044,Sedan-Z,31,2153625.8
2024-04-01,D044,SUV-X,22,2028283.4
2024-04-01,D044,MPV-Y,18,1471770.0
2024-04-01,D045,Hatch-A,29,1893378.1
2024-04-01,D045,Sedan-Z,17,2028475.7
2024-04-01,D045,SUV-X,17,1090261.0
2024-04-01,D045,MPV-Y,7,390442.5
2024-04-01,D046,Hatch-A,19,2207070.4
2024-04-01,D046,Sedan-Z,9,1041309.9
2024-04-01,D046,SUV-X,9,613224.0
2024-04-01,D046,MPV-Y,14,1039687.6
2024-04-01,D046,EV-E1,6,320272.2
2024-04-01,D047,Hatch-A,25,2346172.5
2024-04-01,D047,Sedan-Z,17,1380323.5
2024-04-01,D047,SUV-X,13,1541298.2
2024-04-01,D047,MPV-Y,11,1255261.7
2024-04-01,D047,EV-E1,10,1027759.0
2024-04-01,D048,Hatch-A,11,812244.4
2024-04-01,D048,Sedan-Z,11,732530.7
2024-04-01,D048,SUV-X,4,218740.0
2024-04-01,D048,MPV-Y,4,221228.8
2024-04-01,D048,EV-E1,7,775675.6
2024-04-01,D049,Hatch-A,27,2935170.0
2024-04-01,D049,Sedan-Z,22,1694314.6
2024-04-01,D049,SUV-X,17,1561441.5
2024-04-01,D049,MPV-Y,7,526514.8
2024-04-01,D049,EV-E1,9,594342.9
2024-04-01,D050,Hatch-A,46,5384014.8
2024-04-01,D050,Sedan-Z,24,1361172.0
2024-04-01,D050,SUV-X,14,1521396.8
2024-04-01,D050,MPV-Y,12,1038535.2
2024-04-01,D050,EV-E1,5,577761.0
2024-05-01,D001,Hatch-A,43,4243235.7
2024-05-01,D001,Sedan-Z,22,2242567.8
2024-05-01,D001,SUV-X,25,2029692.5
2024-05-01,D001,MPV-Y,11,1172696.8
2024-05-01,D001,EV-E1,3,347400.9
2024-05-01,D002,Hatch-A,20,1605858.0
2024-05-01,D002,Sedan-Z,1,90750.5
2024-05-01,D002,SUV-X,14,861502.6
2024-05-01,D002,MPV-Y,8,776536.0
2024-05-01,D002,EV-E1,3,221553.3
2024-05-01,D003,Hatch-A,31,2988970.4
2024-05-01,D003,Sedan-Z,23,2101878.0
2024-05-01,D003,SUV-X,13,1457985.1
2024-05-01,D003,MPV-Y,15,1576824.0
2024-05-01,D003,EV-E1,8,842674.4
2024-05-01,D004,Hatch-A,20,1610070.0
2024-05-01,D004,Sedan-Z,9,928469.7
2024-05-01,D004,SUV-X,8,528297.6
2024-05-01,D004,MPV-Y,3,188805.0
2024-05-01,D005,Hatch-A,23,1624920.1
2024-05-01,D005,Sedan-Z,23,1375059.6
2024-05-01,D005,SUV-X,8,624494.4
2024-05-01,D005,EV-E1,4,339475.2
2024-05-01,D006,Hatch-A,28,2689078.0
2024-05-01,D006,Sedan-Z,19,1579523.2
2024-05-01,D006,SUV-X,10,513140.0
2024-05-01,D006,MPV-Y,12,734006.4
2024-05-01,D007,Hatch-A,18,2016718.2
2024-05-01,D007,Sedan-Z,24,2174736.0
2024-05-01,D007,SUV-X,6,570325.2
2024-05-01,D007,MPV-Y,12,865314.0
2024-05-01,D007,EV-E1,1,64806.6
2024-05-01,D008,Hatch-A,34,2348400.4
2024-05-01,D008,Sedan-Z,22,1817248.4
2024-05-01,D008,SUV-X,22,1717874.4
2024-05-01,D008,MPV-Y,10,1185933.0
2024-05-01,D008,EV-E1,1,92414.9
2024-05-01,D009,Hatch-A,34,3485234.6
2024-05-01,D009,Sedan-Z,28,1720840.8
2024-05-01,D009,SUV-X,19,1274962.7
2024-05-01,D009,MPV-Y,16,1620608.0
2024-05-01,D009,EV-E1,10,1047936.0
2024-05-01,D010,Hatch-A,38,3586991.0
2024-05-01,D010,Sedan-Z,21,1427233.5
2024-05-01,D010,SUV-X,19,1249177.8
2024-05-01,D010,MPV-Y,10,1162212.0
2024-05-01,D010,EV-E1,12,1224597.6
2024-05-01,D011,Hatch-A,27,1836623.7
2024-05-01,D011,Sedan-Z,17,1058717.5
2024-05-01,D011,SUV-X,21,1721941.2
2024-05-01,D011,MPV-Y,6,457029.6
2024-05-01,D011,EV-E1,10,671918.0
2024-05-01,D012,Hatch-A,14,1006677.0
2024-05-01,D012,Sedan-Z,14,1260261.8
2024-05-01,D012,SUV-X,15,1383532.5
2024-05-01,D012,EV-E1,4,202612.0
2024-05-01,D013,Hatch-A,33,3818951.4
2024-05-01,D013,Sedan-Z,18,1851161.4
2024-05-01,D013,SUV-X,27,3006112.5
2024-05-01,D013,MPV-Y,10,779215.0
2024-05-01,D013,EV-E1,4,309339.6
2024-05-01,D014,Hatch-A,24,2149936.8
2024-05-01,D014,Sedan-Z,21,1832455.8
2024-05-01,D014,SUV-X,12,1041157.2
2024-05-01,D014,MPV-Y,9,911710.8
2024-05-01,D014,EV-E1,6,526500.6
2024-05-01,D015,Hatch-A,24,2146418.4
2024-05-01,D015,Sedan-Z,22,1535901.4
2024-05-01,D015,SUV-X,9,1054362.6
2024-05-01,D015,MPV-Y,8,720976.0
2024-05-01,D015,EV-E1,10,995384.0
2024-05-01,D016,Hatch-A,33,3369699.3
2024-05-01,D016,Sedan-Z,11,874651.8
2024-05-01,D016,SUV-X,4,468158.4
2024-05-01,D017,Hatch-A,40,3648416.0
2024-05-01,D017,Sedan-Z,29,3097258.0
2024-05-01,D017,SUV-X,23,1179354.9
2024-05-01,D017,MPV-Y,10,690237.0
2024-05-01,D017,EV-E1,9,645140.7
2024-05-01,D018,Hatch-A,16,946164.8
2024-05-01,D018,Sedan-Z,12,1250864.4
2024-05-01,D018,SUV-X,8,696986.4
2024-05-01,D018,MPV-Y,3,210612.3
2024-05-01,D019,Hatch-A,24,2244170.4
2024-05-01,D019,Sedan-Z,30,2531103.0
2024-05-01,D019,SUV-X,18,1681081.2
2024-05-01,D019,MPV-Y,13,1033169.8
2024-05-01,D020,Hatch-A,22,2537882.6
2024-05-01,D020,Sedan-Z,12,1399016.4
2024-05-01,D020,SUV-X,7,533609.3
2024-05-01,D020,MPV-Y,2,107709.4
2024-05-01,D020,EV-E1,6,631849.8
2024-05-01,D021,Hatch-A,28,3022222.0
2024-05-01,D021,Sedan-Z,17,1041729.4
2024-05-01,D021,SUV-X,20,1621850.0
2024-05-01,D021,MPV-Y,3,205901.7
2024-05-01,D021,EV-E1,6,602190.0
2024-05-01,D022,Hatch-A,41,2258849.9
2024-05-01,D022,Sedan-Z,19,1586686.2
2024-05-01,D022,SUV-X,23,2512239.4
2024-05-01,D022,MPV-Y,11,1061998.3
2024-05-01,D023,Hatch-A,26,1493874.2
2024-05-01,D023,Sedan-Z,13,814447.4
2024-05-01,D023,SUV-X,17,1333061.8
2024-05-01,D023,MPV-Y,5,319772.0
2024-05-01,D023,EV-E1,1,53451.8
2024-05-01,D024,Hatch-A,29,1606336.1
2024-05-01,D024,Sedan-Z,17,1767269.0
2024-05-01,D024,SUV-X,18,1760547.6
2024-05-01,D024,MPV-Y,13,1259913.2
2024-05-01,D024,EV-E1,8,422692.0
2024-05-01,D025,Hatch-A,34,2414999.6
2024-05-01,D025,Sedan-Z,31,1910278.9
2024-05-01,D025,SUV-X,15,1218343.5
2024-05-01,D025,MPV-Y,23,2434586.8
2024-05-01,D025,EV-E1,1,63788.8
2024-05-01,D026,Hatch-A,21,1212067.5
2024-05-01,D026,Sedan-Z,18,1071050.4
2024-05-01,D026,SUV-X,7,706766.2
2024-05-01,D026,MPV-Y,10,702435.0
2024-05-01,D027,Hatch-A,28,2287636.4
2024-05-01,D027,Sedan-Z,23,1295118.5
2024-05-01,D027,SUV-X,18,917793.0
2024-05-01,D027,MPV-Y,6,411226.8
2024-05-01,D027,EV-E1,9,864219.6
2024-05-01,D028,Hatch-A,17,1825970.0
2024-05-01,D028,Sedan-Z,9,864716.4
2024-05-01,D028,SUV-X,11,990642.4
2024-05-01,D028,MPV-Y,8,649618.4
2024-05-01,D028,EV-E1,6,335922.6
2024-05-01,D029,Hatch-A,24,1277217.6
2024-05-01,D029,Sedan-Z,27,1953620.1
2024-05-01,D029,SUV-X,10,811822.0
2024-05-01,D029,MPV-Y,11,1101768.8
2024-05-01,D030,Hatch-A,36,4211737.2
2024-05-01,D030,Sedan-Z,25,2632727.5
2024-05-01,D030,SUV-X,22,2581898.0
2024-05-01,D030,MPV-Y,8,844066.4
2024-05-01,D030,EV-E1,6,604692.0
2024-05-01,D031,Hatch-A,19,2276412.8
2024-05-01,D031,Sedan-Z,5,593843.5
2024-05-01,D031,SUV-X,7,460308.8
2024-05-01,D031,MPV-Y,7,594257.3
2024-05-01,D031,EV-E1,7,611958.2
2024-05-01,D032,Hatch-A,22,2605664.6
2024-05-01,D032,Sedan-Z,6,421449.6
2024-05-01,D032,SUV-X,10,1111004.0
2024-05-01,D032,MPV-Y,5,454970.0
2024-05-01,D033,Hatch-A,22,1745658.2
2024-05-01,D033,Sedan-Z,18,1145797.2
2024-05-01,D033,SUV-X,12,1071264.0
2024-05-01,D033,MPV-Y,14,1114073.8
2024-05-01,D033,EV-E1,10,811478.0
2024-05-01,D034,Hatch-A,21,2197318.2
2024-05-01,D034,Sedan-Z,23,2543436.6
2024-05-01,D034,SUV-X,10,1176746.0
2024-05-01,D034,MPV-Y,5,346256.0
2024-05-01,D035,Hatch-A,37,4079497.9
2024-05-01,D035,Sedan-Z,16,1106272.0
2024-05-01,D035,SUV-X,18,1259854.2
2024-05-01,D035,MPV-Y,17,1556601.6
2024-05-01,D035,EV-E1,2,133378.4
2024-05-01,D036,Hatch-A,21,1333147.2
2024-05-01,D036,Sedan-Z,22,1184064.2
2024-05-01,D036,SUV-X,14,999573.4
2024-05-01,D036,MPV-Y,9,952947.0
2024-05-01,D036,EV-E1,8,408520.8
2024-05-01,D037,Hatch-A,43,4031787.5
2024-05-01,D037,Sedan-Z,26,1703982.8
2024-05-01,D037,SUV-X,22,2192462.8
2024-05-01,D037,MPV-Y,12,1115822.4
2024-05-01,D037,EV-E1,1,116541.8
2024-05-01,D038,Hatch-A,28,2116654.4
2024-05-01,D038,Sedan-Z,15,1369132.5
2024-05-01,D038,SUV-X,14,786895.2
2024-05-01,D038,MPV-Y,1,74976.8
2024-05-01,D038,EV-E1,4,473611.6
2024-05-01,D039,Hatch-A,26,1874527.2
2024-05-01,D039,Sedan-Z,33,2187164.1
2024-05-01,D039,SUV-X,18,1462908.6
2024-05-01,D039,MPV-Y,5,253730.5
2024-05-01,D039,EV-E1,8,706716.0
2024-05-01,D040,Hatch-A,34,3380205.2
2024-05-01,D040,Sedan-Z,20,2120630.0
2024-05-01,D040,SUV-X,10,673921.0
2024-05-01,D040,MPV-Y,5,532023.0
2024-05-01,D041,Hatch-A,37,1907105.8
2024-05-01,D041,Sedan-Z,27,2540675.7
2024-05-01,D041,SUV-X,26,1517243.0
2024-05-01,D041,MPV-Y,4,461066.8
2024-05-01,D041,EV-E1,1,98171.9
2024-05-01,D042,Hatch-A,46,4295567.4
2024-05-01,D042,Sedan-Z,20,1955484.0
2024-05-01,D042,SUV-X,18,2159170.2
2024-05-01,D042,MPV-Y,14,724215.8
2024-05-01,D043,Hatch-A,31,2103567.0
2024-05-01,D043,Sedan-Z,32,3231145.6
2024-05-01,D043,SUV-X,20,2023206.0
2024-05-01,D043,MPV-Y,18,2008553.4
2024-05-01,D043,EV-E1,6,407752.2
2024-05-01,D044,Hatch-A,40,4120128.0
2024-05-01,D044,Sedan-Z,25,2937897.5
2024-05-01,D044,SUV-X,13,1119157.0
2024-05-01,D044,MPV-Y,7,722319.5
2024-05-01,D044,EV-E1,6,558265.2
2024-05-01,D045,Hatch-A,24,2836264.8
2024-05-01,D045,Sedan-Z,18,1751202.0
2024-05-01,D045,SUV-X,14,886537.4
2024-05-01,D045,MPV-Y,4,261249.6
2024-05-01,D045,EV-E1,4,261698.0
2024-05-01,D046,Hatch-A,22,2608678.6
2024-05-01,D046,Sedan-Z,14,1102522.4
2024-05-01,D046,SUV-X,11,906026.0
2024-05-01,D046,MPV-Y,1,55950.0
2024-05-01,D046,EV-E1,5,333823.5
2024-05-01,D047,Hatch-A,32,2868646.4
2024-05-01,D047,Sedan-Z,9,818157.6
2024-05-01,D047,SUV-X,23,1952654.0
2024-05-01,D047,MPV-Y,21,2437801.8
2024-05-01,D047,EV-E1,2,232985.8
2024-05-01,D048,Hatch-A,26,1942717.4
2024-05-01,D048,Sedan-Z,9,922165.2
2024-05-01,D048,SUV-X,13,1559101.7
2024-05-01,D048,MPV-Y,1,102442.6
2024-05-01,D048,EV-E1,7,625501.8
2024-05-01,D049,Hatch-A,23,1510987.3
2024-05-01,D049,Sedan-Z,20,2124120.0
2024-05-01,D049,SUV-X,13,1553214.0
2024-05-01,D049,MPV-Y,21,2086709.1
2024-05-01,D049,EV-E1,10,584754.0
2024-05-01,D050,Hatch-A,35,3857966.0
2024-05-01,D050,Sedan-Z,22,1276853.6
2024-05-01,D050,SUV-X,21,1553535.9
2024-05-01,D050,MPV-Y,21,1916903.1
2024-05-01,D050,EV-E1,14,1540432.6
2024-06-01,D001,Hatch-A,40,3116012.0
2024-06-01,D001,Sedan-Z,24,2476732.8
2024-06-01,D001,SUV-X,16,1744609.6
2024-06-01,D001,MPV-Y,17,1123293.7
2024-06-01,D001,EV-E1,8,430908.0
2024-06-01,D002,Hatch-A,20,1190142.0
2024-06-01,D002,Sedan-Z,4,438837.2
2024-06-01,D002,SUV-X,10,921280.0
2024-06-01,D002,EV-E1,13,886821.0
2024-06-01,D003,Hatch-A,28,2970466.8
2024-06-01,D003,Sedan-Z,41,4348427.2
2024-06-01,D003,SUV-X,25,2576075.0
2024-06-01,D003,MPV-Y,11,1013775.4
2024-06-01,D003,EV-E1,9,585517.5
2024-06-01,D004,Hatch-A,21,1313419.8
2024-06-01,D004,Sedan-Z,19,1144254.1
2024-06-01,D004,SUV-X,9,1022147.1
2024-06-01,D004,MPV-Y,9,943499.7
2024-06-01,D005,Hatch-A,24,2696949.6
2024-06-01,D005,Sedan-Z,9,592357.5
2024-06-01,D005,SUV-X,10,840093.0
2024-06-01,D005,MPV-Y,12,975954.0
2024-06-01,D006,Hatch-A,35,3870055.0
2024-06-01,D006,Sedan-Z,24,2439928.8
2024-06-01,D006,SUV-X,17,1982618.2
2024-06-01,D006,MPV-Y,9,812682.0
2024-06-01,D006,EV-E1,3,186106.8
2024-06-01,D007,Hatch-A,23,2601392.0
2024-06-01,D007,Sedan-Z,16,1371036.8
2024-06-01,D007,SUV-X,6,503524.8
2024-06-01,D007,MPV-Y,8,417024.8
2024-06-01,D007,EV-E1,2,206578.6
2024-06-01,D008,Hatch-A,35,3018617.0
2024-06-01,D008,Sedan-Z,25,2949205.0
2024-06-01,D008,SUV-X,16,866990.4
2024-06-01,D008,MPV-Y,3,328680.0
2024-06-01,D008,EV-E1,7,758837.8
2024-06-01,D009,Hatch-A,36,4087184.4
2024-06-01,D009,Sedan-Z,29,3307371.7
2024-06-01,D009,SUV-X,11,1114644.3
2024-06-01,D009,MPV-Y,9,511638.3
2024-06-01,D009,EV-E1,2,147012.4
2024-06-01,D010,Hatch-A,36,3425796.0
2024-06-01,D010,Sedan-Z,26,3000982.4
2024-06-01,D010,SUV-X,17,1544973.6
2024-06-01,D010,MPV-Y,10,886328.0
2024-06-01,D011,Hatch-A,14,1559402.6
2024-06-01,D011,Sedan-Z,20,1240526.0
2024-06-01,D011,SUV-X,25,2918762.5
2024-06-01,D011,MPV-Y,14,928190.2
2024-06-01,D011,EV-E1,9,463268.7
2024-06-01,D012,Hatch-A,23,1256032.3
2024-06-01,D012,Sedan-Z,8,549960.0
2024-06-01,D012,SUV-X,11,920597.7
2024-06-01,D012,EV-E1,3,200635.5
2024-06-01,D013,Hatch-A,32,2461312.0
2024-06-01,D013,Sedan-Z,24,2334669.6
2024-06-01,D013,SUV-X,10,820752.0
2024-06-01,D013,MPV-Y,8,890695.2
2024-06-01,D013,EV-E1,8,450040.8
2024-06-01,D014,Hatch-A,34,4004520.0
2024-06-01,D014,Sedan-Z,22,2120861.6
2024-06-01,D014,SUV-X,14,1215572.4
2024-06-01,D014,MPV-Y,9,616010.4
2024-06-01,D014,EV-E1,5,449504.5
2024-06-01,D015,Hatch-A,35,2147425.0
2024-06-01,D015,Sedan-Z,16,1574633.6
2024-06-01,D015,SUV-X,19,1935657.3
2024-06-01,D015,MPV-Y,9,611790.3
2024-06-01,D015,EV-E1,4,446564.0
2024-06-01,D016,Hatch-A,30,1634280.0
2024-06-01,D016,Sedan-Z,16,1663456.0
2024-06-01,D016,SUV-X,6,606906.6
2024-06-01,D016,MPV-Y,1,110264.4
2024-06-01,D016,EV-E1,8,622684.0
2024-06-01,D017,Hatch-A,42,3729100.2
2024-06-01,D017,Sedan-Z,32,2585958.4
2024-06-01,D017,SUV-X,21,2466095.1
2024-06-01,D017,MPV-Y,12,1102578.0
2024-06-01,D018,Hatch-A,9,1000786.5
2024-06-01,D018,Sedan-Z,20,1935670.0
2024-06-01,D018,SUV-X,13,1040631.8
2024-06-01,D018,MPV-Y,4,472132.8
2024-06-01,D018,EV-E1,10,611715.0
2024-06-01,D019,Hatch-A,28,2926268.8
2024-06-01,D019,Sedan-Z,22,2368689.4
2024-06-01,D019,SUV-X,20,1841926.0
2024-06-01,D019,MPV-Y,9,754686.0
2024-06-01,D019,EV-E1,8,647616.8
2024-06-01,D020,Hatch-A,20,1309252.0
2024-06-01,D020,Sedan-Z,19,1858876.4
2024-06-01,D020,SUV-X,3,233720.1
2024-06-01,D020,MPV-Y,2,167245.4
2024-06-01,D020,EV-E1,6,651141.6
2024-06-01,D021,Hatch-A,25,1972040.0
2024-06-01,D021,Sedan-Z,12,769638.0
2024-06-01,D021,SUV-X,6,379903.2
2024-06-01,D021,MPV-Y,10,741225.0
2024-06-01,D021,EV-E1,3,300029.4
2024-06-01,D022,Hatch-A,34,2576530.2
2024-06-01,D022,Sedan-Z,25,2542087.5
2024-06-01,D022,SUV-X,19,2197845.9
2024-06-01,D022,MPV-Y,23,2101102.9
2024-06-01,D022,EV-E1,7,605263.4
2024-06-01,D023,Hatch-A,24,1775325.6
2024-06-01,D023,Sedan-Z,17,1302217.0
2024-06-01,D023,SUV-X,6,330824.4
2024-06-01,D023,MPV-Y,7,430077.9
2024-06-01,D024,Hatch-A,27,2139952.5
2024-06-01,D024,Sedan-Z,24,2625237.6
2024-06-01,D024,SUV-X,11,1111517.0
2024-06-01,D024,MPV-Y,3,321268.5
2024-06-01,D025,Hatch-A,48,3269740.8
2024-06-01,D025,Sedan-Z,29,2363540.6
2024-06-01,D025,SUV-X,21,1845981.9
2024-06-01,D025,MPV-Y,16,1645942.4
2024-06-01,D025,EV-E1,8,841951.2
2024-06-01,D026,Hatch-A,26,2010975.2
2024-06-01,D026,Sedan-Z,5,295153.0
2024-06-01,D026,SUV-X,6,615895.2
2024-06-01,D026,MPV-Y,6,634894.8
2024-06-01,D027,Hatch-A,30,1836651.0
2024-06-01,D027,Sedan-Z,17,1560912.8
2024-06-01,D027,SUV-X,15,1255276.5
2024-06-01,D027,MPV-Y,2,141865.8
2024-06-01,D027,EV-E1,9,730415.7
2024-06-01,D028,Hatch-A,30,3397008.0
2024-06-01,D028,Sedan-Z,10,839384.0
2024-06-01,D028,SUV-X,7,648206.3
2024-06-01,D028,MPV-Y,4,396333.6
2024-06-01,D028,EV-E1,7,616417.2
2024-06-01,D029,Hatch-A,25,1922875.0
2024-06-01,D029,Sedan-Z,14,1048940.2
2024-06-01,D029,SUV-X,16,1690748.8
2024-06-01,D029,MPV-Y,9,470781.9
2024-06-01,D029,EV-E1,9,467091.0
2024-06-01,D030,Hatch-A,34,2898207.6
2024-06-01,D030,Sedan-Z,24,2088998.4
2024-06-01,D030,SUV-X,20,1249864.0
2024-06-01,D030,MPV-Y,5,529675.5
2024-06-01,D030,EV-E1,6,595929.6
2024-06-01,D031,Hatch-A,21,1227876.3
2024-06-01,D031,Sedan-Z,16,1592262.4
2024-06-01,D031,SUV-X,13,1276242.5
2024-06-01,D031,MPV-Y,7,747317.9
2024-06-01,D032,Hatch-A,20,2135630.0
2024-06-01,D032,Sedan-Z,16,1032081.6
2024-06-01,D032,SUV-X,12,633993.6
2024-06-01,D032,MPV-Y,7,411024.6
2024-06-01,D032,EV-E1,5,368281.0
2024-06-01,D033,Hatch-A,27,2394967.5
2024-06-01,D033,Sedan-Z,17,1068261.3
2024-06-01,D033,SUV-X,17,1292374.0
2024-06-01,D033,MPV-Y,7,644851.9
2024-06-01,D034,Hatch-A,28,1591606.8
2024-06-01,D034,Sedan-Z,13,1037835.5
2024-06-01,D034,SUV-X,4,244434.4
2024-06-01,D034,MPV-Y,5,462264.0
2024-06-01,D035,Hatch-A,31,3447761.1
2024-06-01,D035,Sedan-Z,13,1299736.1
2024-06-01,D035,SUV-X,20,1822472.0
2024-06-01,D035,MPV-Y,11,703149.7
2024-06-01,D036,Hatch-A,24,2610036.0
2024-06-01,D036,Sedan-Z,14,1655882.2
2024-06-01,D036,SUV-X,3,300794.4
2024-06-01,D036,MPV-Y,11,996064.3
2024-06-01,D036,EV-E1,2,113664.6
2024-06-01,D037,Hatch-A,35,3214603.0
2024-06-01,D037,Sedan-Z,18,1000513.8
2024-06-01,D037,SUV-X,16,1653534.4
2024-06-01,D037,MPV-Y,19,2137581.7
2024-06-01,D037,EV-E1,7,352587.2
2024-06-01,D038,Hatch-A,21,1315251.0
2024-06-01,D038,Sedan-Z,4,218296.0
2024-06-01,D038,SUV-X,15,909916.5
2024-06-01,D038,MPV-Y,13,1077420.5
2024-06-01,D039,Hatch-A,32,3776284.8
2024-06-01,D039,Sedan-Z,29,1776226.8
2024-06-01,D039,SUV-X,21,2223834.9
2024-06-01,D039,MPV-Y,16,946124.8
2024-06-01,D039,EV-E1,7,374178.0
2024-06-01,D040,Hatch-A,29,1907063.2
2024-06-01,D040,Sedan-Z,20,1779540.0
2024-06-01,D040,SUV-X,17,1523347.9
2024-06-01,D040,MPV-Y,12,909487.2
2024-06-01,D040,EV-E1,18,1096102.8
2024-06-01,D041,Hatch-A,37,4176889.3
2024-06-01,D041,Sedan-Z,20,1539912.0
2024-06-01,D041,SUV-X,26,1493962.6
2024-06-01,D041,MPV-Y,10,810001.0
2024-06-01,D041,EV-E1,8,746144.0
2024-06-01,D042,Hatch-A,32,2154953.6
2024-06-01,D042,Sedan-Z,30,2074161.0
2024-06-01,D042,SUV-X,17,1259926.1
2024-06-01,D042,MPV-Y,13,1109739.8
2024-06-01,D042,EV-E1,10,876087.0
2024-06-01,D043,Hatch-A,43,3323551.7
2024-06-01,D043,Sedan-Z,29,2815949.3
2024-06-01,D043,SUV-X,19,2246590.4
2024-06-01,D043,MPV-Y,19,1211603.4
2024-06-01,D043,EV-E1,5,399594.0
2024-06-01,D044,Hatch-A,42,2808187.2
2024-06-01,D044,Sedan-Z,22,2241410.6
2024-06-01,D044,SUV-X,19,1367099.4
2024-06-01,D044,MPV-Y,17,1895059.7
2024-06-01,D044,EV-E1,5,457767.0
2024-06-01,D045,Hatch-A,27,1759152.6
2024-06-01,D045,Sedan-Z,15,818212.5
2024-06-01,D045,SUV-X,18,1068346.8
2024-06-01,D045,MPV-Y,12,661201.2
2024-06-01,D046,Hatch-A,15,1574998.5
2024-06-01,D046,Sedan-Z,11,981830.3
2024-06-01,D046,SUV-X,12,861099.6
2024-06-01,D046,MPV-Y,14,1455126.4
2024-06-01,D047,Hatch-A,23,2061924.7
2024-06-01,D047,Sedan-Z,11,951484.6
2024-06-01,D047,SUV-X,15,1058664.0
2024-06-01,D047,MPV-Y,1,81501.8
2024-06-01,D047,EV-E1,3,327796.8
2024-06-01,D048,Hatch-A,32,2691526.4
2024-06-01,D048,Sedan-Z,18,1684670.4
2024-06-01,D048,SUV-X,14,1542647.4
2024-06-01,D048,MPV-Y,6,530515.8
2024-06-01,D048,EV-E1,5,292887.0
2024-06-01,D049,Hatch-A,28,2555481.6
2024-06-01,D049,Sedan-Z,28,1584637.6
2024-06-01,D049,SUV-X,13,1417655.2
2024-06-01,D049,MPV-Y,9,761565.6
2024-06-01,D050,Hatch-A,32,1735331.2
2024-06-01,D050,Sedan-Z,29,1717577.2
2024-06-01,D050,SUV-X,25,1992855.0
2024-06-01,D050,MPV-Y,3,251210.7
2024-06-01,D050,EV-E1,8,677788.0
2024-07-01,D001,Hatch-A,42,3501594.6
2024-07-01,D001,Sedan-Z,30,2104662.0
2024-07-01,D001,SUV-X,17,1481572.1
2024-07-01,D001,MPV-Y,14,954123.8
2024-07-01,D001,EV-E1,6,656892.6
2024-07-01,D002,Hatch-A,35,2405396.0
2024-07-01,D002,Sedan-Z,25,2888370.0
2024-07-01,D002,SUV-X,20,2347968.0
2024-07-01,D002,MPV-Y,6,516868.2
2024-07-01,D003,Hatch-A,41,3362598.6
2024-07-01,D003,Sedan-Z,23,1834652.5
2024-07-01,D003,SUV-X,21,1470711.9
2024-07-01,D003,MPV-Y,11,1260861.8
2024-07-01,D004,Hatch-A,15,1240546.5
2024-07-01,D004,Sedan-Z,14,1245942.6
2024-07-01,D004,SUV-X,17,1719007.7
2024-07-01,D004,MPV-Y,12,943774.8
2024-07-01,D004,EV-E1,13,1103380.2
2024-07-01,D005,Hatch-A,14,1168959.4
2024-07-01,D005,Sedan-Z,17,1922278.4
2024-07-01,D005,SUV-X,1,108401.0
2024-07-01,D005,MPV-Y,9,532832.4
2024-07-01,D005,EV-E1,9,703526.4
2024-07-01,D006,Hatch-A,22,2236546.4
2024-07-01,D006,Sedan-Z,16,1220849.6
2024-07-01,D006,SUV-X,22,1746681.2
2024-07-01,D006,MPV-Y,6,663735.6
2024-07-01,D006,EV-E1,3,215343.9
2024-07-01,D007,Hatch-A,18,1995865.2
2024-07-01,D007,Sedan-Z,13,1171380.6
2024-07-01,D007,SUV-X,11,986679.1
2024-07-01,D007,MPV-Y,9,791343.0
2024-07-01,D008,Hatch-A,41,4180237.0
2024-07-01,D008,Sedan-Z,28,2932213.2
2024-07-01,D008,SUV-X,26,1531701.6
2024-07-01,D008,MPV-Y,15,1678596.0
2024-07-01,D008,EV-E1,5,262995.5
2024-07-01,D009,Hatch-A,39,3524730.3
2024-07-01,D009,Sedan-Z,22,1310223.2
2024-07-01,D009,SUV-X,19,1913225.9
2024-07-01,D009,MPV-Y,14,1613857.0
2024-07-01,D010,Hatch-A,34,3911506.2
2024-07-01,D010,Sedan-Z,26,2746577.6
2024-07-01,D010,SUV-X,15,1299121.5
2024-07-01,D010,MPV-Y,17,1079821.3
2024-07-01,D011,Hatch-A,31,3469408.4
2024-07-01,D011,Sedan-Z,14,743328.6
2024-07-01,D011,SUV-X,14,786578.8
2024-07-01,D011,MPV-Y,6,592811.4
2024-07-01,D011,EV-E1,5,315178.0
2024-07-01,D012,Hatch-A,16,1903792.0
2024-07-01,D012,Sedan-Z,5,559527.5
2024-07-01,D012,SUV-X,21,1599034.5
2024-07-01,D012,MPV-Y,1,55170.7
2024-07-01,D013,Hatch-A,29,3395314.2
2024-07-01,D013,Sedan-Z,14,1254694.0
2024-07-01,D013,SUV-X,13,759695.3
2024-07-01,D013,MPV-Y,11,763382.4
2024-07-01,D013,EV-E1,5,376545.5
2024-07-01,D014,Hatch-A,28,2139379.2
2024-07-01,D014,Sedan-Z,23,1757745.1
2024-07-01,D014,SUV-X,10,775049.0
2024-07-01,D014,MPV-Y,5,435672.0
2024-07-01,D014,EV-E1,8,465831.2
2024-07-01,D015,Hatch-A,25,2252225.0
2024-07-01,D015,Sedan-Z,25,2031650.0
2024-07-01,D015,SUV-X,14,1383293.8
2024-07-01,D015,MPV-Y,14,1163898.4
2024-07-01,D016,Hatch-A,23,2123265.7
2024-07-01,D016,Sedan-Z,15,886764.0
2024-07-01,D016,SUV-X,2,167617.8
2024-07-01,D016,MPV-Y,2,144310.4
2024-07-01,D016,EV-E1,6,326258.4
2024-07-01,D017,Hatch-A,40,3265848.0
2024-07-01,D017,Sedan-Z,28,2425197.6
2024-07-01,D017,SUV-X,14,774274.2
2024-07-01,D017,MPV-Y,3,204468.3
2024-07-01,D017,EV-E1,14,1482159.0
2024-07-01,D018,Hatch-A,29,2380363.5
2024-07-01,D018,Sedan-Z,17,1527448.3
2024-07-01,D018,SUV-X,8,720660.8
2024-07-01,D018,MPV-Y,11,948685.1
2024-07-01,D019,Hatch-A,21,2049049.8
2024-07-01,D019,Sedan-Z,20,1853348.0
2024-07-01,D019,SUV-X,13,1558538.8
2024-07-01,D019,MPV-Y,17,2005201.0
2024-07-01,D020,Hatch-A,22,1484725.0
2024-07-01,D020,Sedan-Z,18,1014498.0
2024-07-01,D020,SUV-X,9,985617.9
2024-07-01,D020,MPV-Y,6,592215.0
2024-07-01,D020,EV-E1,9,1039128.3
2024-07-01,D021,Hatch-A,31,2032015.9
2024-07-01,D021,Sedan-Z,17,1435014.2
2024-07-01,D021,SUV-X,12,706602.0
2024-07-01,D021,MPV-Y,1,112178.1
2024-07-01,D021,EV-E1,1,105378.1
2024-07-01,D022,Hatch-A,39,3770344.5
2024-07-01,D022,Sedan-Z,22,1755569.2
2024-07-01,D022,SUV-X,14,718565.4
2024-07-01,D022,MPV-Y,12,952710.0
2024-07-01,D022,EV-E1,5,387898.0
2024-07-01,D023,Hatch-A,23,2126097.0
2024-07-01,D023,Sedan-Z,8,766132.8
2024-07-01,D023,SUV-X,13,1098325.8
2024-07-01,D023,MPV-Y,11,1140308.4
2024-07-01,D023,EV-E1,12,1111252.8
2024-07-01,D024,Hatch-A,20,1252540.0
2024-07-01,D024,Sedan-Z,17,1451505.9
2024-07-01,D024,SUV-X,17,1846793.3
2024-07-01,D024,MPV-Y,10,904303.0
2024-07-01,D025,Hatch-A,44,2447975.2
2024-07-01,D025,Sedan-Z,15,849295.5
2024-07-01,D025,SUV-X,26,2407782.0
2024-07-01,D025,MPV-Y,13,749112.0
2024-07-01,D025,EV-E1,3,152090.4
2024-07-01,D026,Hatch-A,10,789662.0
2024-07-01,D026,Sedan-Z,8,611075.2
2024-07-01,D026,SUV-X,12,878491.2
2024-07-01,D026,MPV-Y,3,302865.3
2024-07-01,D026,EV-E1,10,1013942.0
2024-07-01,D027,Hatch-A,37,4246312.4
2024-07-01,D027,Sedan-Z,17,1766713.1
2024-07-01,D027,SUV-X,8,600115.2
2024-07-01,D027,MPV-Y,10,564925.0
2024-07-01,D027,EV-E1,3,179993.1
2024-07-01,D028,Hatch-A,23,2313427.4
2024-07-01,D028,Sedan-Z,12,1046701.2
2024-07-01,D028,SUV-X,8,795051.2
2024-07-01,D028,MPV-Y,2,161417.2
2024-07-01,D029,Hatch-A,23,2757079.0
2024-07-01,D029,Sedan-Z,21,1082621.4
2024-07-01,D029,SUV-X,13,780709.8
2024-07-01,D029,MPV-Y,8,883591.2
2024-07-01,D029,EV-E1,10,731324.0
2024-07-01,D030,Hatch-A,36,3543382.8
2024-07-01,D030,Sedan-Z,28,2257026.8
2024-07-01,D030,SUV-X,9,578951.1
2024-07-01,D030,MPV-Y,13,1198771.6
2024-07-01,D030,EV-E1,8,456370.4
2024-07-01,D031,Hatch-A,20,1667680.0
2024-07-01,D031,Sedan-Z,17,1054129.2
2024-07-01,D031,SUV-X,14,925513.4
2024-07-01,D031,MPV-Y,5,305859.0
2024-07-01,D031,EV-E1,2,128777.6
2024-07-01,D032,Hatch-A,20,2126740.0
2024-07-01,D032,Sedan-Z,13,1383759.0
2024-07-01,D032,SUV-X,6,613668.0
2024-07-01,D032,MPV-Y,14,1292607.4
2024-07-01,D032,EV-E1,8,796330.4
2024-07-01,D033,Hatch-A,31,2872112.8
2024-07-01,D033,Sedan-Z,28,3170734.0
2024-07-01,D033,SUV-X,14,1495538.8
2024-07-01,D033,MPV-Y,16,1544840.0
2024-07-01,D033,EV-E1,3,269295.0
2024-07-01,D034,Hatch-A,28,1906469.6
2024-07-01,D034,Sedan-Z,9,955523.7
2024-07-01,D034,SUV-X,10,797016.0
2024-07-01,D034,MPV-Y,5,277740.0
2024-07-01,D034,EV-E1,8,955295.2
2024-07-01,D035,Hatch-A,26,2456927.2
2024-07-01,D035,Sedan-Z,21,2156007.0
2024-07-01,D035,SUV-X,14,763133.0
2024-07-01,D035,MPV-Y,7,681202.2
2024-07-01,D036,Hatch-A,28,2568549.2
2024-07-01,D036,Sedan-Z,18,1096491.6
2024-07-01,D036,SUV-X,16,1412913.6
2024-07-01,D036,MPV-Y,5,578015.0
2024-07-01,D036,EV-E1,14,1008396.2
2024-07-01,D037,Hatch-A,39,2713557.6
2024-07-01,D037,Sedan-Z,23,1911573.7
2024-07-01,D037,SUV-X,23,1297135.6
2024-07-01,D037,MPV-Y,16,1572811.2
2024-07-01,D037,EV-E1,2,212043.8
2024-07-01,D038,Hatch-A,28,3215676.8
2024-07-01,D038,Sedan-Z,8,487155.2
2024-07-01,D038,SUV-X,2,149514.4
2024-07-01,D038,MPV-Y,10,1112084.0
2024-07-01,D038,EV-E1,5,394106.5
2024-07-01,D039,Hatch-A,35,3080602.0
2024-07-01,D039,Sedan-Z,31,3296744.6
2024-07-01,D039,SUV-X,15,1433607.0
2024-07-01,D039,MPV-Y,9,720770.4
2024-07-01,D039,EV-E1,2,139647.4
2024-07-01,D040,Hatch-A,26,2680982.2
2024-07-01,D040,Sedan-Z,24,1881559.2
2024-07-01,D040,SUV-X,19,1499784.0
2024-07-01,D040,MPV-Y,4,219808.8
2024-07-01,D040,EV-E1,6,438139.8
2024-07-01,D041,Hatch-A,41,2512074.1
2024-07-01,D041,Sedan-Z,25,1768380.0
2024-07-01,D041,SUV-X,19,2123616.7
2024-07-01,D041,MPV-Y,12,852057.6
2024-07-01,D041,EV-E1,12,913796.4
2024-07-01,D042,Hatch-A,39,4248741.9
2024-07-01,D042,Sedan-Z,28,3228044.4
2024-07-01,D042,SUV-X,12,1134496.8
2024-07-01,D042,MPV-Y,16,1467595.2
2024-07-01,D042,EV-E1,9,871882.2
2024-07-01,D043,Hatch-A,42,4683705.6
2024-07-01,D043,Sedan-Z,30,3084108.0
2024-07-01,D043,SUV-X,17,1996852.3
2024-07-01,D043,MPV-Y,15,1786978.5
2024-07-01,D043,EV-E1,8,502572.8
2024-07-01,D044,Hatch-A,41,4469774.9
2024-07-01,D044,Sedan-Z,24,2045174.4
2024-07-01,D044,SUV-X,23,2535901.8
2024-07-01,D044,MPV-Y,10,681429.0
2024-07-01,D044,EV-E1,9,646182.0
2024-07-01,D045,Hatch-A,33,3253248.9
2024-07-01,D045,Sedan-Z,23,2170836.6
2024-07-01,D045,SUV-X,14,1357230.0
2024-07-01,D045,MPV-Y,7,576280.6
2024-07-01,D045,EV-E1,3,184376.7
2024-07-01,D046,Hatch-A,26,1678055.6
2024-07-01,D046,Sedan-Z,12,1207743.6
2024-07-01,D046,SUV-X,7,530206.6
2024-07-01,D046,MPV-Y,10,910591.0
2024-07-01,D046,EV-E1,10,1007235.0
2024-07-01,D047,Hatch-A,35,3288260.5
2024-07-01,D047,Sedan-Z,30,1760172.0
2024-07-01,D047,SUV-X,16,1760960.0
2024-07-01,D047,MPV-Y,15,1643226.0
2024-07-01,D047,EV-E1,3,306693.9
2024-07-01,D048,Hatch-A,28,1493352.0
2024-07-01,D048,Sedan-Z,7,357765.8
2024-07-01,D048,SUV-X,7,795111.1
2024-07-01,D048,MPV-Y,8,561283.2
2024-07-01,D049,Hatch-A,35,1934418.5
2024-07-01,D049,Sedan-Z,22,2428923.2
2024-07-01,D049,SUV-X,18,1427493.6
2024-07-01,D049,MPV-Y,10,1043898.0
2024-07-01,D050,Hatch-A,46,3121771.6
2024-07-01,D050,Sedan-Z,27,2675716.2
2024-07-01,D050,SUV-X,22,2295867.2
2024-07-01,D050,MPV-Y,6,323462.4
2024-07-01,D050,EV-E1,10,1173422.0
2024-08-01,D001,Hatch-A,32,1791427.2
2024-08-01,D001,Sedan-Z,37,2655641.7
2024-08-01,D001,SUV-X,20,1548672.0
2024-08-01,D001,MPV-Y,10,836246.0
2024-08-01,D001,EV-E1,5,332579.5
2024-08-01,D002,Hatch-A,14,1160349.4
2024-08-01,D002,Sedan-Z,16,1598148.8
2024-08-01,D002,SUV-X,11,699913.5
2024-08-01,D002,MPV-Y,8,577702.4
2024-08-01,D002,EV-E1,8,939626.4
2024-08-01,D003,Hatch-A,35,3045875.0
2024-08-01,D003,Sedan-Z,27,2123990.1
2024-08-01,D003,SUV-X,20,1029990.0
2024-08-01,D003,MPV-Y,8,418847.2
2024-08-01,D003,EV-E1,7,657607.3
2024-08-01,D004,Hatch-A,24,1261240.8
2024-08-01,D004,Sedan-Z,8,787425.6
2024-08-01,D004,SUV-X,13,1248018.2
2024-08-01,D004,MPV-Y,1,60568.6
2024-08-01,D004,EV-E1,10,1112439.0
2024-08-01,D005,Hatch-A,17,1212875.2
2024-08-01,D005,Sedan-Z,10,808974.0
2024-08-01,D005,SUV-X,18,1668985.2
2024-08-01,D005,MPV-Y,14,896207.2
2024-08-01,D005,EV-E1,2,204801.2
2024-08-01,D006,Hatch-A,27,2404220.4
2024-08-01,D006,Sedan-Z,18,1671111.0
2024-08-01,D006,SUV-X,11,1255752.3
2024-08-01,D006,MPV-Y,9,478890.9
2024-08-01,D007,Hatch-A,27,1525902.3
2024-08-01,D007,Sedan-Z,1,52661.6
2024-08-01,D007,SUV-X,10,706903.0
2024-08-01,D007,MPV-Y,9,658186.2
2024-08-01,D008,Hatch-A,44,3465541.2
2024-08-01,D008,Sedan-Z,23,1790538.5
2024-08-01,D008,SUV-X,24,1524487.2
2024-08-01,D008,MPV-Y,15,1496398.5
2024-08-01,D008,EV-E1,3,232379.1
2024-08-01,D009,Hatch-A,38,4063545.2
2024-08-01,D009,Sedan-Z,21,1332334.5
2024-08-01,D009,SUV-X,17,1818709.3
2024-08-01,D009,MPV-Y,14,931180.6
2024-08-01,D010,Hatch-A,39,2642628.3
2024-08-01,D010,Sedan-Z,25,2362875.0
2024-08-01,D010,SUV-X,24,1890504.0
2024-08-01,D010,MPV-Y,20,2290606.0
2024-08-01,D010,EV-E1,2,134451.4
2024-08-01,D011,Hatch-A,38,3023276.2
2024-08-01,D011,Sedan-Z,18,1815179.4
2024-08-01,D011,SUV-X,20,2223452.0
2024-08-01,D011,MPV-Y,13,801893.3
2024-08-01,D011,EV-E1,6,352016.4
2024-08-01,D012,Hatch-A,11,810774.8
2024-08-01,D012,Sedan-Z,8,862912.8
2024-08-01,D012,SUV-X,8,568915.2
2024-08-01,D013,Hatch-A,27,3174894.9
2024-08-01,D013,Sedan-Z,25,1964282.5
2024-08-01,D013,SUV-X,16,1691587.2
2024-08-01,D013,MPV-Y,6,365623.8
2024-08-01,D013,EV-E1,5,584630.0
2024-08-01,D014,Hatch-A,36,3694208.4
2024-08-01,D014,Sedan-Z,18,1058506.2
2024-08-01,D014,SUV-X,20,1884272.0
2024-08-01,D014,MPV-Y,5,382703.0
2024-08-01,D014,EV-E1,9,746212.5
2024-08-01,D015,Hatch-A,28,1553221.6
2024-08-01,D015,Sedan-Z,21,1431969.0
2024-08-01,D015,SUV-X,17,1310259.7
2024-08-01,D015,MPV-Y,7,624242.5
2024-08-01,D016,Hatch-A,22,1445129.4
2024-08-01,D016,Sedan-Z,12,1373872.8
2024-08-01,D016,SUV-X,14,868086.8
2024-08-01,D016,MPV-Y,19,1487711.4
2024-08-01,D016,EV-E1,14,1083338.2
2024-08-01,D017,Hatch-A,42,4162708.2
2024-08-01,D017,Sedan-Z,32,2255104.0
2024-08-01,D017,SUV-X,26,2099968.0
2024-08-01,D017,MPV-Y,16,1750067.2
2024-08-01,D017,EV-E1,2,139947.4
2024-08-01,D018,Hatch-A,19,1147126.9
2024-08-01,D018,Sedan-Z,9,873440.1
2024-08-01,D018,SUV-X,7,663070.8
2024-08-01,D019,Hatch-A,26,1898252.2
2024-08-01,D019,Sedan-Z,22,1534451.6
2024-08-01,D019,SUV-X,14,1385592.6
2024-08-01,D019,MPV-Y,13,1546018.5
2024-08-01,D019,EV-E1,15,1411470.0
2024-08-01,D020,Hatch-A,19,1295554.9
2024-08-01,D020,Sedan-Z,14,1535233.0
2024-08-01,D020,MPV-Y,5,497477.5
2024-08-01,D020,EV-E1,13,956797.4
2024-08-01,D021,Hatch-A,31,3552739.5
2024-08-01,D021,Sedan-Z,15,1616928.0
2024-08-01,D021,SUV-X,11,878661.3
2024-08-01,D021,MPV-Y,13,950536.6
2024-08-01,D021,EV-E1,12,826184.4
2024-08-01,D022,Hatch-A,38,1968681.2
2024-08-01,D022,Sedan-Z,23,2476071.9
2024-08-01,D022,SUV-X,13,670879.3
2024-08-01,D022,MPV-Y,13,1479127.0
2024-08-01,D022,EV-E1,3,235483.2
2024-08-01,D023,Hatch-A,22,1554405.6
2024-08-01,D023,Sedan-Z,6,577605.6
2024-08-01,D023,SUV-X,3,354128.4
2024-08-01,D023,MPV-Y,1,83259.7
2024-08-01,D023,EV-E1,2,207594.0
2024-08-01,D024,Hatch-A,27,2660887.8
2024-08-01,D024,Sedan-Z,15,1231441.5
2024-08-01,D024,SUV-X,8,892388.8
2024-08-01,D024,MPV-Y,10,1034522.0
2024-08-01,D024,EV-E1,2,216380.8
2024-08-01,D025,Hatch-A,33,1653468.3
2024-08-01,D025,Sedan-Z,28,3083376.8
2024-08-01,D025,SUV-X,20,1613802.0
2024-08-01,D025,MPV-Y,25,2548462.5
2024-08-01,D025,EV-E1,5,363286.0
2024-08-01,D026,Hatch-A,24,1515309.6
2024-08-01,D026,Sedan-Z,16,1699875.2
2024-08-01,D026,SUV-X,20,1841078.0
2024-08-01,D026,MPV-Y,3,230140.8
2024-08-01,D026,EV-E1,2,205249.8
2024-08-01,D027,Hatch-A,34,2161172.6
2024-08-01,D027,Sedan-Z,17,884661.3
2024-08-01,D027,SUV-X,16,1361086.4
2024-08-01,D027,MPV-Y,4,400444.0
2024-08-01,D027,EV-E1,4,291251.6
2024-08-01,D028,Hatch-A,23,1906591.9
2024-08-01,D028,Sedan-Z,15,1338826.5
2024-08-01,D028,SUV-X,14,761657.4
2024-08-01,D028,MPV-Y,4,287322.4
2024-08-01,D029,Hatch-A,16,1229518.4
2024-08-01,D029,Sedan-Z,22,1718037.2
2024-08-01,D029,SUV-X,16,1834040.0
2024-08-01,D029,MPV-Y,3,352777.8
2024-08-01,D030,Hatch-A,37,3703629.7
2024-08-01,D030,Sedan-Z,23,1807967.9
2024-08-01,D030,SUV-X,17,1121816.4
2024-08-01,D030,MPV-Y,19,1097297.5
2024-08-01,D030,EV-E1,5,256890.0
2024-08-01,D031,Hatch-A,22,2078359.8
2024-08-01,D031,Sedan-Z,22,1329213.6
2024-08-01,D031,MPV-Y,6,647089.8
2024-08-01,D031,EV-E1,7,677548.9
2024-08-01,D032,Hatch-A,27,2834330.4
2024-08-01,D032,Sedan-Z,5,428613.0
2024-08-01,D032,SUV-X,4,432388.4
2024-08-01,D032,MPV-Y,11,1298511.5
2024-08-01,D032,EV-E1,9,992494.8
2024-08-01,D033,Hatch-A,31,2190106.6
2024-08-01,D033,Sedan-Z,26,2469420.2
2024-08-01,D033,SUV-X,18,1944154.8
2024-08-01,D033,MPV-Y,10,635370.0
2024-08-01,D033,EV-E1,4,396732.0
2024-08-01,D034,Hatch-A,21,1561910.7
2024-08-01,D034,Sedan-Z,14,1274257.6
2024-08-01,D034,SUV-X,6,611337.0
2024-08-01,D034,MPV-Y,10,502866.0
2024-08-01,D034,EV-E1,8,490135.2
2024-08-01,D035,Hatch-A,28,2145220.0
2024-08-01,D035,Sedan-Z,22,2617456.6
2024-08-01,D035,SUV-X,18,1544076.0
2024-08-01,D035,MPV-Y,13,1489815.6
2024-08-01,D036,Hatch-A,16,1188694.4
2024-08-01,D036,Sedan-Z,6,407813.4
2024-08-01,D036,SUV-X,11,917968.7
2024-08-01,D036,MPV-Y,8,481936.8
2024-08-01,D036,EV-E1,5,369122.5
2024-08-01,D037,Hatch-A,39,3638033.1
2024-08-01,D037,Sedan-Z,26,1863550.0
2024-08-01,D037,SUV-X,19,1194438.8
2024-08-01,D037,MPV-Y,9,907262.1
2024-08-01,D038,Hatch-A,6,527791.8
2024-08-01,D038,Sedan-Z,7,518758.8
2024-08-01,D038,SUV-X,11,816549.8
2024-08-01,D038,MPV-Y,4,439916.8
2024-08-01,D038,EV-E1,9,924075.0
2024-08-01,D039,Hatch-A,41,4791378.9
2024-08-01,D039,Sedan-Z,25,2884702.5
2024-08-01,D039,SUV-X,21,1926922.2
2024-08-01,D039,MPV-Y,22,1196879.2
2024-08-01,D039,EV-E1,1,96137.0
2024-08-01,D040,Hatch-A,25,2963757.5
2024-08-01,D040,Sedan-Z,12,1235587.2
2024-08-01,D040,SUV-X,20,2319962.0
2024-08-01,D040,MPV-Y,7,737460.5
2024-08-01,D040,EV-E1,7,793602.6
2024-08-01,D041,Hatch-A,46,4178189.2
2024-08-01,D041,Sedan-Z,26,3049142.2
2024-08-01,D041,SUV-X,24,1558548.0
2024-08-01,D041,MPV-Y,19,1980383.3
2024-08-01,D041,EV-E1,8,932514.4
2024-08-01,D042,Hatch-A,39,3155657.7
2024-08-01,D042,Sedan-Z,18,1698193.8
2024-08-01,D042,SUV-X,26,3102611.2
2024-08-01,D042,MPV-Y,20,1358002.0
2024-08-01,D042,EV-E1,4,240104.0
2024-08-01,D043,Hatch-A,38,4156177.8
2024-08-01,D043,Sedan-Z,22,1803282.8
2024-08-01,D043,SUV-X,17,1973144.1
2024-08-01,D043,MPV-Y,10,1168958.0
2024-08-01,D043,EV-E1,5,338149.0
2024-08-01,D044,Hatch-A,35,3793433.0
2024-08-01,D044,Sedan-Z,27,1988536.5
2024-08-01,D044,SUV-X,22,2370513.2
2024-08-01,D044,MPV-Y,11,945209.1
2024-08-01,D044,EV-E1,3,194363.4
2024-08-01,D045,Hatch-A,33,3010623.0
2024-08-01,D045,Sedan-Z,22,1123295.8
2024-08-01,D045,SUV-X,21,2397185.7
2024-08-01,D045,MPV-Y,10,1076515.0
2024-08-01,D045,EV-E1,5,537443.5
2024-08-01,D046,Hatch-A,28,2701330.8
2024-08-01,D046,Sedan-Z,4,275860.4
2024-08-01,D046,SUV-X,11,1100815.1
2024-08-01,D046,MPV-Y,5,305713.0
2024-08-01,D046,EV-E1,3,303324.3
2024-08-01,D047,Hatch-A,29,2687696.8
2024-08-01,D047,Sedan-Z,22,2072936.8
2024-08-01,D047,SUV-X,16,1788419.2
2024-08-01,D047,MPV-Y,11,929808.0
2024-08-01,D047,EV-E1,11,830203.0
2024-08-01,D048,Hatch-A,18,1344117.6
2024-08-01,D048,Sedan-Z,22,1641164.8
2024-08-01,D048,SUV-X,15,1237705.5
2024-08-01,D048,MPV-Y,9,526649.4
2024-08-01,D049,Hatch-A,29,2313860.7
2024-08-01,D049,Sedan-Z,6,635443.8
2024-08-01,D049,SUV-X,13,1163272.5
2024-08-01,D049,MPV-Y,3,169875.9
2024-08-01,D049,EV-E1,9,1021728.6
2024-08-01,D050,Hatch-A,44,2806557.6
2024-08-01,D050,Sedan-Z,20,2125268.0
2024-08-01,D050,SUV-X,21,1285489.8
2024-08-01,D050,MPV-Y,7,673185.1
2024-08-01,D050,EV-E1,2,101139.0
2024-09-01,D001,Hatch-A,38,2633377.2
2024-09-01,D001,Sedan-Z,25,2194610.0
2024-09-01,D001,SUV-X,16,1285347.2
2024-09-01,D001,MPV-Y,18,1666186.2
2024-09-01,D001,EV-E1,8,431642.4
2024-09-01,D002,Hatch-A,20,2014706.0
2024-09-01,D002,Sedan-Z,18,958978.8
2024-09-01,D002,SUV-X,5,527855.0
2024-09-01,D002,MPV-Y,11,720058.9
2024-09-01,D003,Hatch-A,38,2007167.6
2024-09-01,D003,Sedan-Z,21,1972651.8
2024-09-01,D003,SUV-X,15,1217077.5
2024-09-01,D003,MPV-Y,9,1014666.3
2024-09-01,D004,Hatch-A,25,1539142.5
2024-09-01,D004,Sedan-Z,18,1315404.0
2024-09-01,D004,SUV-X,12,683421.6
2024-09-01,D004,MPV-Y,10,896308.0
2024-09-01,D005,Hatch-A,24,2141229.6
2024-09-01,D005,Sedan-Z,17,1226495.6
2024-09-01,D005,SUV-X,8,403175.2
2024-09-01,D005,MPV-Y,3,160719.9
2024-09-01,D005,EV-E1,3,156096.9
2024-09-01,D006,Hatch-A,29,2967549.7
2024-09-01,D006,Sedan-Z,27,2230966.8
2024-09-01,D006,SUV-X,10,1131613.0
2024-09-01,D006,MPV-Y,3,203090.4
2024-09-01,D007,Hatch-A,18,1310236.2
2024-09-01,D007,Sedan-Z,6,604197.0
2024-09-01,D007,SUV-X,15,1598452.5
2024-09-01,D007,MPV-Y,9,924668.1
2024-09-01,D008,Hatch-A,37,4360542.5
2024-09-01,D008,Sedan-Z,21,1294748.7
2024-09-01,D008,SUV-X,19,2060869.2
2024-09-01,D008,MPV-Y,14,1257047.4
2024-09-01,D009,Hatch-A,43,4638616.4
2024-09-01,D009,Sedan-Z,35,3747471.0
2024-09-01,D009,SUV-X,11,1115665.1
2024-09-01,D009,MPV-Y,2,170443.0
2024-09-01,D009,EV-E1,12,1179126.0
2024-09-01,D010,Hatch-A,40,3631896.0
2024-09-01,D010,Sedan-Z,26,1646444.8
2024-09-01,D010,SUV-X,21,1266942.6
2024-09-01,D010,MPV-Y,20,1748338.0
2024-09-01,D010,EV-E1,7,413291.9
2024-09-01,D011,Hatch-A,29,2008128.2
2024-09-01,D011,Sedan-Z,11,641620.1
2024-09-01,D011,SUV-X,17,2000974.8
2024-09-01,D011,MPV-Y,4,366042.0
2024-09-01,D011,EV-E1,6,680490.6
2024-09-01,D012,Hatch-A,33,1787864.1
2024-09-01,D012,Sedan-Z,18,1755264.6
2024-09-01,D012,SUV-X,12,618259.2
2024-09-01,D012,MPV-Y,1,82470.3
2024-09-01,D012,EV-E1,1,88268.8
2024-09-01,D013,Hatch-A,36,3400984.8
2024-09-01,D013,Sedan-Z,23,2422774.0
2024-09-01,D013,SUV-X,9,763764.3
2024-09-01,D013,MPV-Y,13,1068467.4
2024-09-01,D013,EV-E1,6,312640.2
2024-09-01,D014,Hatch-A,23,1267375.9
2024-09-01,D014,Sedan-Z,14,997644.2
2024-09-01,D014,SUV-X,24,2575418.4
2024-09-01,D014,MPV-Y,7,368389.0
2024-09-01,D015,Hatch-A,27,2169801.0
2024-09-01,D015,Sedan-Z,26,1338633.4
2024-09-01,D015,SUV-X,9,550315.8
2024-09-01,D015,MPV-Y,11,712508.5
2024-09-01,D015,EV-E1,8,681511.2
2024-09-01,D016,Hatch-A,10,690167.0
2024-09-01,D016,Sedan-Z,17,1553845.9
2024-09-01,D016,SUV-X,9,653807.7
2024-09-01,D016,MPV-Y,9,993199.5
2024-09-01,D017,Hatch-A,43,2713317.2
2024-09-01,D017,Sedan-Z,29,2915042.3
2024-09-01,D017,SUV-X,11,1157037.2
2024-09-01,D017,MPV-Y,17,1754374.5
2024-09-01,D018,Hatch-A,23,2377976.9
2024-09-01,D018,Sedan-Z,17,1500600.2
2024-09-01,D018,SUV-X,4,423628.0
2024-09-01,D018,MPV-Y,7,703617.6
2024-09-01,D018,EV-E1,2,114536.8
2024-09-01,D019,Hatch-A,31,3278761.5
2024-09-01,D019,Sedan-Z,18,2034957.6
2024-09-01,D019,SUV-X,13,849505.8
2024-09-01,D019,MPV-Y,5,367159.0
2024-09-01,D019,EV-E1,7,422473.1
2024-09-01,D020,Hatch-A,11,822796.7
2024-09-01,D020,Sedan-Z,19,1864907.0
2024-09-01,D020,SUV-X,11,1117374.5
2024-09-01,D020,MPV-Y,10,909925.0
2024-09-01,D020,EV-E1,17,866534.2
2024-09-01,D021,Hatch-A,19,1488574.0
2024-09-01,D021,Sedan-Z,24,1761549.6
2024-09-01,D021,SUV-X,12,944832.0
2024-09-01,D021,MPV-Y,3,247971.3
2024-09-01,D021,EV-E1,4,429336.0
2024-09-01,D022,Hatch-A,40,2057556.0
2024-09-01,D022,Sedan-Z,32,2104809.6
2024-09-01,D022,SUV-X,21,2339005.2
2024-09-01,D022,MPV-Y,8,894716.8
2024-09-01,D023,Hatch-A,22,1796359.4
2024-09-01,D023,Sedan-Z,19,2200872.6
2024-09-01,D023,SUV-X,17,1676342.8
2024-09-01,D023,MPV-Y,3,308964.6
2024-09-01,D023,EV-E1,4,460615.6
2024-09-01,D024,Hatch-A,25,1831300.0
2024-09-01,D024,Sedan-Z,18,1327194.0
2024-09-01,D024,SUV-X,21,1271703.3
2024-09-01,D024,MPV-Y,10,1005740.0
2024-09-01,D024,EV-E1,4,294282.8
2024-09-01,D025,Hatch-A,35,3420529.0
2024-09-01,D025,Sedan-Z,31,3714705.2
2024-09-01,D025,SUV-X,16,1222686.4
2024-09-01,D025,MPV-Y,16,975627.2
2024-09-01,D025,EV-E1,19,1885641.7
2024-09-01,D026,Hatch-A,17,1052164.0
2024-09-01,D026,Sedan-Z,14,1634659.6
2024-09-01,D026,SUV-X,5,343403.0
2024-09-01,D026,MPV-Y,10,822341.0
2024-09-01,D027,Hatch-A,21,2084168.1
2024-09-01,D027,Sedan-Z,20,2320394.0
2024-09-01,D027,SUV-X,10,972295.0
2024-09-01,D027,MPV-Y,12,1086997.2
2024-09-01,D027,EV-E1,12,993666.0
2024-09-01,D028,Hatch-A,23,2102112.6
2024-09-01,D028,Sedan-Z,19,2130270.5
2024-09-01,D028,SUV-X,14,1297216.2
2024-09-01,D028,MPV-Y,4,416110.8
2024-09-01,D028,EV-E1,7,801796.8
2024-09-01,D029,Hatch-A,15,1725880.5
2024-09-01,D029,Sedan-Z,19,2252436.7
2024-09-01,D029,SUV-X,17,1663798.5
2024-09-01,D029,MPV-Y,8,642095.2
2024-09-01,D030,Hatch-A,43,3915236.0
2024-09-01,D030,Sedan-Z,25,2026087.5
2024-09-01,D030,SUV-X,17,1119410.9
2024-09-01,D030,MPV-Y,15,1626963.0
2024-09-01,D030,EV-E1,1,84068.7
2024-09-01,D031,Hatch-A,20,1264036.0
2024-09-01,D031,Sedan-Z,19,1499831.5
2024-09-01,D031,SUV-X,18,1210095.0
2024-09-01,D031,MPV-Y,14,1066014.6
2024-09-01,D031,EV-E1,5,389860.0
2024-09-01,D032,Hatch-A,21,1936655.7
2024-09-01,D032,Sedan-Z,26,2693228.2
2024-09-01,D032,SUV-X,7,634371.5
2024-09-01,D032,MPV-Y,4,442043.2
2024-09-01,D032,EV-E1,7,603161.3
2024-09-01,D033,Hatch-A,32,2846547.2
2024-09-01,D033,Sedan-Z,16,1300126.4
2024-09-01,D033,SUV-X,25,2182980.0
2024-09-01,D033,MPV-Y,15,1248099.0
2024-09-01,D033,EV-E1,3,224429.7
2024-09-01,D034,Hatch-A,18,1360477.8
2024-09-01,D034,Sedan-Z,12,1152225.6
2024-09-01,D034,SUV-X,9,1064259.9
2024-09-01,D034,MPV-Y,12,1332868.8
2024-09-01,D034,EV-E1,4,284179.2
2024-09-01,D035,Hatch-A,20,1424912.0
2024-09-01,D035,Sedan-Z,21,1677116.7
2024-09-01,D035,SUV-X,11,1258577.1
2024-09-01,D035,MPV-Y,4,228778.8
2024-09-01,D035,EV-E1,7,737249.8
2024-09-01,D036,Hatch-A,23,1390810.0
2024-09-01,D036,Sedan-Z,16,1341641.6
2024-09-01,D036,MPV-Y,9,644837.4
2024-09-01,D036,EV-E1,9,834199.2
2024-09-01,D037,Hatch-A,40,4720824.0
2024-09-01,D037,Sedan-Z,18,1100449.8
2024-09-01,D037,SUV-X,13,1331476.9
2024-09-01,D037,MPV-Y,20,2229346.0
2024-09-01,D037,EV-E1,10,1181707.0
2024-09-01,D038,Hatch-A,22,1328456.8
2024-09-01,D038,Sedan-Z,12,1166113.2
2024-09-01,D038,SUV-X,3,236996.1
2024-09-01,D038,MPV-Y,12,1407860.4
2024-09-01,D039,Hatch-A,41,3353562.2
2024-09-01,D039,Sedan-Z,31,3718375.6
2024-09-01,D039,SUV-X,22,2027900.6
2024-09-01,D039,MPV-Y,12,1000173.6
2024-09-01,D040,Hatch-A,32,3833516.8
2024-09-01,D040,Sedan-Z,17,1065242.1
2024-09-01,D040,SUV-X,14,800933.0
2024-09-01,D040,MPV-Y,12,1429502.4
2024-09-01,D040,EV-E1,7,587570.2
2024-09-01,D041,Hatch-A,42,2597876.4
2024-09-01,D041,Sedan-Z,20,1737164.0
2024-09-01,D041,SUV-X,13,1391917.8
2024-09-01,D041,MPV-Y,11,1050976.3
2024-09-01,D041,EV-E1,4,414427.6
2024-09-01,D042,Hatch-A,32,2875939.2
2024-09-01,D042,Sedan-Z,27,2973331.8
2024-09-01,D042,SUV-X,7,409540.6
2024-09-01,D042,MPV-Y,18,1387215.0
2024-09-01,D042,EV-E1,4,319672.8
2024-09-01,D043,Hatch-A,35,3414922.0
2024-09-01,D043,Sedan-Z,26,2059135.0
2024-09-01,D043,SUV-X,27,2554024.5
2024-09-01,D043,MPV-Y,22,1216712.2
2024-09-01,D043,EV-E1,3,230584.2
2024-09-01,D044,Hatch-A,37,3555011.8
2024-09-01,D044,Sedan-Z,29,1578873.1
2024-09-01,D044,SUV-X,22,1708194.4
2024-09-01,D044,MPV-Y,3,283079.7
2024-09-01,D044,EV-E1,3,310237.5
2024-09-01,D045,Hatch-A,19,2258022.7
2024-09-01,D045,Sedan-Z,10,1121912.0
2024-09-01,D045,SUV-X,6,361299.6
2024-09-01,D045,MPV-Y,10,514506.0
2024-09-01,D045,EV-E1,10,920888.0
2024-09-01,D046,Hatch-A,25,2036392.5
2024-09-01,D046,Sedan-Z,18,1656894.6
2024-09-01,D046,MPV-Y,2,178859.0
2024-09-01,D046,EV-E1,6,671804.4
2024-09-01,D047,Hatch-A,27,2983907.7
2024-09-01,D047,Sedan-Z,27,2269174.5
2024-09-01,D047,SUV-X,13,731525.6
2024-09-01,D047,MPV-Y,10,652545.0
2024-09-01,D047,EV-E1,7,372561.0
2024-09-01,D048,Hatch-A,21,1778105.7
2024-09-01,D048,Sedan-Z,7,580174.7
2024-09-01,D048,SUV-X,10,918641.0
2024-09-01,D048,MPV-Y,10,731414.0
2024-09-01,D048,EV-E1,8,605449.6
2024-09-01,D049,Hatch-A,34,2281250.4
2024-09-01,D049,Sedan-Z,19,1629229.1
2024-09-01,D049,SUV-X,22,1147630.0
2024-09-01,D049,MPV-Y,16,1370217.6
2024-09-01,D049,EV-E1,10,742037.0
2024-09-01,D050,Hatch-A,33,1915412.4
2024-09-01,D050,Sedan-Z,23,1198396.6
2024-09-01,D050,SUV-X,12,982683.6
2024-09-01,D050,MPV-Y,10,1176278.0
2024-09-01,D050,EV-E1,11,971092.1
2024-10-01,D001,Hatch-A,35,4092238.5
2024-10-01,D001,Sedan-Z,32,3004681.6
2024-10-01,D001,SUV-X,15,1053315.0
2024-10-01,D001,MPV-Y,15,778534.5
2024-10-01,D001,EV-E1,11,999034.3
2024-10-01,D002,Hatch-A,28,2857708.0
2024-10-01,D002,Sedan-Z,8,555836.0
2024-10-01,D002,SUV-X,9,660115.8
2024-10-01,D002,EV-E1,12,1263652.8
2024-10-01,D003,Hatch-A,45,5341581.0
2024-10-01,D003,Sedan-Z,20,1360148.0
2024-10-01,D003,SUV-X,10,631562.0
2024-10-01,D003,MPV-Y,7,352610.3
2024-10-01,D004,Hatch-A,22,1668392.0
2024-10-01,D004,Sedan-Z,10,1128177.0
2024-10-01,D004,SUV-X,5,382651.5
2024-10-01,D004,MPV-Y,13,1324037.0
2024-10-01,D005,Hatch-A,25,1337310.0
2024-10-01,D005,Sedan-Z,8,570233.6
2024-10-01,D005,SUV-X,13,652806.7
2024-10-01,D005,MPV-Y,11,1180550.8
2024-10-01,D006,Hatch-A,29,2727218.0
2024-10-01,D006,Sedan-Z,15,1501849.5
2024-10-01,D006,SUV-X,17,1912114.1
2024-10-01,D006,MPV-Y,8,400720.8
2024-10-01,D006,EV-E1,6,352788.0
2024-10-01,D007,Hatch-A,17,1528024.6
2024-10-01,D007,Sedan-Z,12,1219147.2
2024-10-01,D007,SUV-X,6,451103.4
2024-10-01,D007,MPV-Y,6,492837.0
2024-10-01,D007,EV-E1,6,532663.8
2024-10-01,D008,Hatch-A,26,1358497.4
2024-10-01,D008,Sedan-Z,25,2466312.5
2024-10-01,D008,SUV-X,10,643704.0
2024-10-01,D008,MPV-Y,18,1250017.2
2024-10-01,D009,Hatch-A,46,4838059.2
2024-10-01,D009,Sedan-Z,23,2152432.0
2024-10-01,D009,SUV-X,14,817307.4
2024-10-01,D009,MPV-Y,10,1179659.0
2024-10-01,D009,EV-E1,3,221283.6
2024-10-01,D010,Hatch-A,45,4202086.5
2024-10-01,D010,Sedan-Z,22,1401978.6
2024-10-01,D010,SUV-X,20,1691156.0
2024-10-01,D010,MPV-Y,5,424557.5
2024-10-01,D010,EV-E1,6,361668.0
2024-10-01,D011,Hatch-A,36,2910096.0
2024-10-01,D011,Sedan-Z,25,2084942.5
2024-10-01,D011,SUV-X,26,2545340.2
2024-10-01,D011,MPV-Y,2,238360.8
2024-10-01,D012,Hatch-A,26,2569983.0
2024-10-01,D012,Sedan-Z,6,526783.2
2024-10-01,D012,SUV-X,15,1699974.0
2024-10-01,D012,MPV-Y,17,1234840.9
2024-10-01,D012,EV-E1,3,285012.9
2024-10-01,D013,Hatch-A,33,3039276.9
2024-10-01,D013,Sedan-Z,23,1738185.9
2024-10-01,D013,SUV-X,8,552216.8
2024-10-01,D013,MPV-Y,7,634909.8
2024-10-01,D013,EV-E1,3,346661.4
2024-10-01,D014,Hatch-A,26,1944810.4
2024-10-01,D014,Sedan-Z,23,1770413.5
2024-10-01,D014,SUV-X,20,1005590.0
2024-10-01,D014,MPV-Y,9,568980.9
2024-10-01,D014,EV-E1,7,461365.8
2024-10-01,D015,Hatch-A,20,1326804.0
2024-10-01,D015,Sedan-Z,20,1292518.0
2024-10-01,D015,SUV-X,10,723034.0
2024-10-01,D015,MPV-Y,13,1312212.2
2024-10-01,D015,EV-E1,9,704706.3
2024-10-01,D016,Hatch-A,21,1708473.9
2024-10-01,D016,Sedan-Z,16,802424.0
2024-10-01,D016,SUV-X,13,776367.8
2024-10-01,D016,MPV-Y,4,202234.4
2024-10-01,D016,EV-E1,5,527737.0
2024-10-01,D017,Hatch-A,39,3311774.7
2024-10-01,D017,Sedan-Z,26,2716997.4
2024-10-01,D017,SUV-X,17,1033246.4
2024-10-01,D017,MPV-Y,25,1846350.0
2024-10-01,D017,EV-E1,8,457781.6
2024-10-01,D018,Hatch-A,23,2506353.7
2024-10-01,D018,Sedan-Z,12,1005900.0
2024-10-01,D018,SUV-X,9,729728.1
2024-10-01,D018,MPV-Y,2,228794.0
2024-10-01,D019,Hatch-A,25,1630292.5
2024-10-01,D019,Sedan-Z,19,1171505.8
2024-10-01,D019,SUV-X,18,1937921.4
2024-10-01,D019,MPV-Y,12,663538.8
2024-10-01,D019,EV-E1,10,966933.0
2024-10-01,D020,Hatch-A,25,2511287.5
2024-10-01,D020,Sedan-Z,21,1201023.6
2024-10-01,D020,SUV-X,17,1291303.0
2024-10-01,D020,MPV-Y,5,287347.0
2024-10-01,D020,EV-E1,12,1096640.4
2024-10-01,D021,Hatch-A,32,3399913.6
2024-10-01,D021,Sedan-Z,17,1445115.6
2024-10-01,D021,SUV-X,8,837433.6
2024-10-01,D021,MPV-Y,18,998946.0
2024-10-01,D022,Hatch-A,50,4555060.0
2024-10-01,D022,Sedan-Z,25,1678192.5
2024-10-01,D022,SUV-X,22,2182325.2
2024-10-01,D022,MPV-Y,15,1707069.0
2024-10-01,D022,EV-E1,7,738337.6
2024-10-01,D023,Hatch-A,17,1311395.3
2024-10-01,D023,Sedan-Z,11,1252298.3
2024-10-01,D023,SUV-X,10,621635.0
2024-10-01,D023,MPV-Y,7,839029.8
2024-10-01,D024,Hatch-A,25,2481257.5
2024-10-01,D024,Sedan-Z,20,1969214.0
2024-10-01,D024,SUV-X,16,1746769.6
2024-10-01,D024,MPV-Y,12,722973.6
2024-10-01,D024,EV-E1,5,281349.5
2024-10-01,D025,Hatch-A,32,2037337.6
2024-10-01,D025,Sedan-Z,26,2024146.8
2024-10-01,D025,SUV-X,35,3878941.5
2024-10-01,D025,MPV-Y,24,1957879.2
2024-10-01,D025,EV-E1,3,272065.2
2024-10-01,D026,Hatch-A,8,607216.8
2024-10-01,D026,Sedan-Z,14,1139516.0
2024-10-01,D026,SUV-X,15,1166922.0
2024-10-01,D026,MPV-Y,3,234362.7
2024-10-01,D026,EV-E1,6,363043.2
2024-10-01,D027,Hatch-A,27,3219353.1
2024-10-01,D027,Sedan-Z,16,1899576.0
2024-10-01,D027,SUV-X,4,376693.2
2024-10-01,D027,MPV-Y,10,707440.0
2024-10-01,D027,EV-E1,4,263751.6
2024-10-01,D028,Hatch-A,21,1466133.9
2024-10-01,D028,Sedan-Z,19,1077271.5
2024-10-01,D028,MPV-Y,3,152891.1
2024-10-01,D028,EV-E1,6,692304.6
2024-10-01,D029,Hatch-A,16,800344.0
2024-10-01,D029,Sedan-Z,17,1475169.9
2024-10-01,D029,MPV-Y,7,557632.6
2024-10-01,D029,EV-E1,7,724243.1
2024-10-01,D030,Hatch-A,44,2349142.4
2024-10-01,D030,Sedan-Z,27,2727726.3
2024-10-01,D030,SUV-X,20,1535454.0
2024-10-01,D030,MPV-Y,16,1436452.8
2024-10-01,D030,EV-E1,2,219819.0
2024-10-01,D031,Hatch-A,17,1244598.9
2024-10-01,D031,Sedan-Z,15,1250904.0
2024-10-01,D031,SUV-X,20,1901970.0
2024-10-01,D031,MPV-Y,3,163809.6
2024-10-01,D031,EV-E1,4,333628.4
2024-10-01,D032,Hatch-A,20,1683218.0
2024-10-01,D032,Sedan-Z,5,313228.5
2024-10-01,D032,SUV-X,12,934464.0
2024-10-01,D032,MPV-Y,5,527944.5
2024-10-01,D032,EV-E1,8,651408.0
2024-10-01,D033,Hatch-A,35,4164982.5
2024-10-01,D033,Sedan-Z,20,2162084.0
2024-10-01,D033,SUV-X,15,1431897.0
2024-10-01,D033,MPV-Y,4,393364.0
2024-10-01,D033,EV-E1,1,70460.3
2024-10-01,D034,Hatch-A,20,2361092.0
2024-10-01,D034,Sedan-Z,9,548801.1
2024-10-01,D034,MPV-Y,10,977793.0
2024-10-01,D034,EV-E1,7,813008.0
2024-10-01,D035,Hatch-A,24,2115180.0
2024-10-01,D035,Sedan-Z,14,1160474.0
2024-10-01,D035,SUV-X,13,1437476.3
2024-10-01,D035,MPV-Y,11,1309041.8
2024-10-01,D035,EV-E1,5,253232.0
2024-10-01,D036,Hatch-A,27,2810295.0
2024-10-01,D036,Sedan-Z,22,1914420.2
2024-10-01,D036,SUV-X,9,870691.5
2024-10-01,D036,MPV-Y,3,314205.9
2024-10-01,D037,Hatch-A,46,2778984.2
2024-10-01,D037,Sedan-Z,26,1550707.6
2024-10-01,D037,SUV-X,19,1327649.7
2024-10-01,D037,MPV-Y,14,1602918.8
2024-10-01,D037,EV-E1,4,345261.6
2024-10-01,D038,Hatch-A,28,1491753.2
2024-10-01,D038,Sedan-Z,11,804360.7
2024-10-01,D038,SUV-X,6,483614.4
2024-10-01,D038,MPV-Y,2,212037.0
2024-10-01,D038,EV-E1,5,344818.5
2024-10-01,D039,Hatch-A,35,1998269.0
2024-10-01,D039,Sedan-Z,29,3132342.2
2024-10-01,D039,SUV-X,18,1915513.2
2024-10-01,D039,MPV-Y,15,1610980.5
2024-10-01,D039,EV-E1,4,244310.4
2024-10-01,D040,Hatch-A,24,2701756.8
2024-10-01,D040,Sedan-Z,22,1477555.2
2024-10-01,D040,SUV-X,12,1038469.2
2024-10-01,D040,MPV-Y,9,790370.1
2024-10-01,D040,EV-E1,5,532574.0
2024-10-01,D041,Hatch-A,44,4497108.0
2024-10-01,D041,Sedan-Z,18,1092673.8
2024-10-01,D041,SUV-X,27,2651027.4
2024-10-01,D041,EV-E1,7,839272.7
2024-10-01,D042,Hatch-A,43,2163390.2
2024-10-01,D042,Sedan-Z,24,1399495.2
2024-10-01,D042,SUV-X,16,1812068.8
2024-10-01,D042,MPV-Y,13,1207888.5
2024-10-01,D042,EV-E1,9,571853.7
2024-10-01,D043,Hatch-A,41,4497384.3
2024-10-01,D043,Sedan-Z,35,4079855.5
2024-10-01,D043,SUV-X,19,1727652.9
2024-10-01,D043,MPV-Y,14,1393939.4
2024-10-01,D043,EV-E1,10,643933.0
2024-10-01,D044,Hatch-A,51,3054747.0
2024-10-01,D044,Sedan-Z,21,2104086.6
2024-10-01,D044,SUV-X,22,2587941.4
2024-10-01,D044,MPV-Y,1,109719.0
2024-10-01,D044,EV-E1,3,177651.6
2024-10-01,D045,Hatch-A,36,1975100.4
2024-10-01,D045,Sedan-Z,14,1334275.6
2024-10-01,D045,SUV-X,20,1364894.0
2024-10-01,D045,MPV-Y,11,933444.6
2024-10-01,D046,Hatch-A,22,1362662.4
2024-10-01,D046,Sedan-Z,13,1042650.7
2024-10-01,D046,SUV-X,9,689277.6
2024-10-01,D046,MPV-Y,3,274968.3
2024-10-01,D046,EV-E1,1,55156.7
2024-10-01,D047,Hatch-A,38,2657400.8
2024-10-01,D047,Sedan-Z,23,2546403.6
2024-10-01,D047,SUV-X,22,2474808.6
2024-10-01,D047,MPV-Y,22,2139757.4
2024-10-01,D048,Hatch-A,13,974043.2
2024-10-01,D048,Sedan-Z,27,2601196.2
2024-10-01,D048,SUV-X,10,653706.0
2024-10-01,D048,MPV-Y,6,368176.2
2024-10-01,D048,EV-E1,1,78901.4
2024-10-01,D049,Hatch-A,31,1680624.7
2024-10-01,D049,Sedan-Z,20,1786738.0
2024-10-01,D049,SUV-X,18,1204990.2
2024-10-01,D049,MPV-Y,3,194751.6
2024-10-01,D050,Hatch-A,41,2739259.2
2024-10-01,D050,Sedan-Z,31,3654776.0
2024-10-01,D050,SUV-X,14,1199685.2
2024-10-01,D050,MPV-Y,15,1452019.5
2024-10-01,D050,EV-E1,13,1553680.7
2024-11-01,D001,Hatch-A,41,2645373.3
2024-11-01,D001,Sedan-Z,27,3144700.8
2024-11-01,D001,SUV-X,18,1018222.2
2024-11-01,D001,MPV-Y,10,1166041.0
2024-11-01,D001,EV-E1,1,77354.1
2024-11-01,D002,Hatch-A,33,2637211.5
2024-11-01,D002,Sedan-Z,16,1086377.6
2024-11-01,D002,SUV-X,6,429423.0
2024-11-01,D002,MPV-Y,3,244778.7
2024-11-01,D003,Hatch-A,38,3643512.2
2024-11-01,D003,Sedan-Z,24,1582761.6
2024-11-01,D003,SUV-X,27,1381182.3
2024-11-01,D003,MPV-Y,5,482216.0
2024-11-01,D003,EV-E1,6,309069.6
2024-11-01,D004,Hatch-A,25,2610832.5
2024-11-01,D004,Sedan-Z,12,1418718.0
2024-11-01,D004,SUV-X,2,145833.4
2024-11-01,D004,MPV-Y,11,1132765.7
2024-11-01,D004,EV-E1,5,531664.5
2024-11-01,D005,Hatch-A,23,2668814.2
2024-11-01,D005,Sedan-Z,10,712235.0
2024-11-01,D005,SUV-X,14,1170328.6
2024-11-01,D005,MPV-Y,9,747459.9
2024-11-01,D005,EV-E1,5,360710.5
2024-11-01,D006,Hatch-A,29,2463019.3
2024-11-01,D006,Sedan-Z,13,654015.7
2024-11-01,D006,SUV-X,14,1095924.2
2024-11-01,D006,MPV-Y,11,931904.6
2024-11-01,D006,EV-E1,11,955476.5
2024-11-01,D007,Hatch-A,26,3093805.0
2024-11-01,D007,Sedan-Z,13,766014.6
2024-11-01,D007,SUV-X,17,1130925.0
2024-11-01,D007,MPV-Y,1,102282.0
2024-11-01,D007,EV-E1,5,399127.0
2024-11-01,D008,Hatch-A,48,4395288.0
2024-11-01,D008,Sedan-Z,29,1758301.9
2024-11-01,D008,SUV-X,10,1058697.0
2024-11-01,D008,MPV-Y,9,476738.1
2024-11-01,D008,EV-E1,15,1700413.5
2024-11-01,D009,Hatch-A,39,3879833.1
2024-11-01,D009,Sedan-Z,29,2599722.4
2024-11-01,D009,SUV-X,22,2009568.0
2024-11-01,D009,MPV-Y,15,938797.5
2024-11-01,D009,EV-E1,4,211554.0
2024-11-01,D010,Hatch-A,33,3944872.8
2024-11-01,D010,Sedan-Z,26,2738712.6
2024-11-01,D010,SUV-X,20,1140536.0
2024-11-01,D010,MPV-Y,18,1207143.0
2024-11-01,D010,EV-E1,14,939153.6
2024-11-01,D011,Hatch-A,22,2421537.8
2024-11-01,D011,Sedan-Z,16,975801.6
2024-11-01,D011,SUV-X,19,2212905.3
2024-11-01,D011,MPV-Y,12,627997.2
2024-11-01,D011,EV-E1,4,379205.2
2024-11-01,D012,Hatch-A,16,1102667.2
2024-11-01,D012,Sedan-Z,5,391130.0
2024-11-01,D012,SUV-X,8,834364.0
2024-11-01,D012,MPV-Y,9,595806.3
2024-11-01,D012,EV-E1,2,219364.4
2024-11-01,D013,Hatch-A,19,1536425.5
2024-11-01,D013,Sedan-Z,20,1788970.0
2024-11-01,D013,SUV-X,12,1432906.8
2024-11-01,D013,MPV-Y,14,1456030.8
2024-11-01,D013,EV-E1,2,225654.8
2024-11-01,D014,Hatch-A,30,3414213.0
2024-11-01,D014,Sedan-Z,20,1864368.0
2024-11-01,D014,SUV-X,17,1123953.3
2024-11-01,D014,MPV-Y,2,135433.8
2024-11-01,D015,Hatch-A,27,2904579.0
2024-11-01,D015,Sedan-Z,23,1432874.7
2024-11-01,D015,SUV-X,12,1361578.8
2024-11-01,D015,MPV-Y,15,1199775.0
2024-11-01,D015,EV-E1,2,227841.4
2024-11-01,D016,Hatch-A,27,2169304.2
2024-11-01,D016,Sedan-Z,19,1617158.4
2024-11-01,D016,SUV-X,9,943258.5
2024-11-01,D016,MPV-Y,12,628257.6
2024-11-01,D016,EV-E1,5,478218.5
2024-11-01,D017,Hatch-A,32,2040956.8
2024-11-01,D017,Sedan-Z,32,2181724.8
2024-11-01,D017,SUV-X,15,1401528.0
2024-11-01,D017,MPV-Y,11,1253085.9
2024-11-01,D017,EV-E1,14,997924.2
2024-11-01,D018,Hatch-A,25,1646902.5
2024-11-01,D018,Sedan-Z,10,859698.0
2024-11-01,D018,SUV-X,21,1482081.3
2024-11-01,D018,MPV-Y,2,169790.2
2024-11-01,D018,EV-E1,8,647235.2
2024-11-01,D019,Hatch-A,23,2721334.7
2024-11-01,D019,Sedan-Z,20,1051876.0
2024-11-01,D019,SUV-X,19,2060683.0
2024-11-01,D019,MPV-Y,7,566961.5
2024-11-01,D020,Hatch-A,21,2484203.4
2024-11-01,D020,Sedan-Z,15,1214598.0
2024-11-01,D020,SUV-X,18,1627968.6
2024-11-01,D020,MPV-Y,8,818580.0
2024-11-01,D021,Hatch-A,24,2085343.2
2024-11-01,D021,Sedan-Z,21,1377549.6
2024-11-01,D021,SUV-X,19,960708.4
2024-11-01,D021,MPV-Y,8,609262.4
2024-11-01,D021,EV-E1,6,436615.8
2024-11-01,D022,Hatch-A,43,4391989.9
2024-11-01,D022,Sedan-Z,25,2073695.0
2024-11-01,D022,SUV-X,25,2819377.5
2024-11-01,D022,MPV-Y,4,324404.4
2024-11-01,D022,EV-E1,2,188848.8
2024-11-01,D023,Hatch-A,14,1403802.4
2024-11-01,D023,Sedan-Z,11,789258.8
2024-11-01,D023,SUV-X,10,882188.0
2024-11-01,D023,MPV-Y,7,377403.6
2024-11-01,D023,EV-E1,9,716310.9
2024-11-01,D024,Hatch-A,29,1676234.8
2024-11-01,D024,Sedan-Z,17,1030844.3
2024-11-01,D024,SUV-X,19,1381119.5
2024-11-01,D024,MPV-Y,10,657403.0
2024-11-01,D024,EV-E1,5,320917.5
2024-11-01,D025,Hatch-A,47,4218696.5
2024-11-01,D025,Sedan-Z,19,2101981.4
2024-11-01,D025,SUV-X,14,1206312.8
2024-11-01,D025,MPV-Y,20,2213504.0
2024-11-01,D025,EV-E1,9,762512.4
2024-11-01,D026,Hatch-A,14,1580756.8
2024-11-01,D026,Sedan-Z,10,569202.0
2024-11-01,D026,SUV-X,5,399594.5
2024-11-01,D026,MPV-Y,2,131539.8
2024-11-01,D027,Hatch-A,24,1208834.4
2024-11-01,D027,Sedan-Z,11,939068.9
2024-11-01,D027,SUV-X,22,2634834.4
2024-11-01,D027,MPV-Y,16,1807478.4
2024-11-01,D027,EV-E1,10,745160.0
2024-11-01,D028,Hatch-A,17,1168998.2
2024-11-01,D028,Sedan-Z,22,1664698.2
2024-11-01,D028,SUV-X,8,772386.4
2024-11-01,D028,MPV-Y,3,216097.8
2024-11-01,D029,Hatch-A,17,1491039.4
2024-11-01,D029,Sedan-Z,15,871095.0
2024-11-01,D029,SUV-X,11,1171673.8
2024-11-01,D029,MPV-Y,12,903620.4
2024-11-01,D029,EV-E1,11,1236141.5
2024-11-01,D030,Hatch-A,44,3908198.8
2024-11-01,D030,Sedan-Z,22,1717738.0
2024-11-01,D030,SUV-X,27,1684197.9
2024-11-01,D030,MPV-Y,13,1133701.4
2024-11-01,D030,EV-E1,13,805967.5
2024-11-01,D031,Hatch-A,21,2365889.4
2024-11-01,D031,Sedan-Z,4,231010.8
2024-11-01,D031,MPV-Y,4,238780.8
2024-11-01,D031,EV-E1,5,466801.5
2024-11-01,D032,Hatch-A,22,2576602.6
2024-11-01,D032,Sedan-Z,2,231770.2
2024-11-01,D032,SUV-X,7,625745.4
2024-11-01,D032,MPV-Y,4,356668.0
2024-11-01,D032,EV-E1,4,372695.6
2024-11-01,D033,Hatch-A,30,2405289.0
2024-11-01,D033,Sedan-Z,16,1238832.0
2024-11-01,D033,SUV-X,13,654312.1
2024-11-01,D033,MPV-Y,12,968548.8
2024-11-01,D034,Hatch-A,12,933177.6
2024-11-01,D034,Sedan-Z,19,1557110.8
2024-11-01,D034,SUV-X,10,712369.0
2024-11-01,D034,MPV-Y,7,497270.9
2024-11-01,D035,Hatch-A,29,1722437.6
2024-11-01,D035,Sedan-Z,27,2580649.2
2024-11-01,D035,SUV-X,17,916701.2
2024-11-01,D035,MPV-Y,9,689664.6
2024-11-01,D035,EV-E1,4,246056.0
2024-11-01,D036,Hatch-A,22,1487184.6
2024-11-01,D036,Sedan-Z,23,1831671.7
2024-11-01,D036,SUV-X,8,568037.6
2024-11-01,D036,MPV-Y,2,147453.6
2024-11-01,D036,EV-E1,8,783424.0
2024-11-01,D037,Hatch-A,38,2473127.4
2024-11-01,D037,Sedan-Z,20,2109322.0
2024-11-01,D037,SUV-X,10,565184.0
2024-11-01,D037,MPV-Y,11,1108285.2
2024-11-01,D037,EV-E1,8,402900.8
2024-11-01,D038,Hatch-A,22,2442492.8
2024-11-01,D038,Sedan-Z,18,1160017.2
2024-11-01,D038,SUV-X,10,1028313.0
2024-11-01,D038,MPV-Y,10,962927.0
2024-11-01,D038,EV-E1,3,336102.9
2024-11-01,D039,Hatch-A,43,2623361.2
2024-11-01,D039,Sedan-Z,26,2199277.6
2024-11-01,D039,SUV-X,11,1302455.0
2024-11-01,D039,MPV-Y,16,917708.8
2024-11-01,D039,EV-E1,2,118257.6
2024-11-01,D040,Hatch-A,30,2915034.0
2024-11-01,D040,Sedan-Z,17,1695952.3
2024-11-01,D040,SUV-X,14,1005965.8
2024-11-01,D040,MPV-Y,19,1660518.3
2024-11-01,D040,EV-E1,3,358085.4
2024-11-01,D041,Hatch-A,34,2872700.8
2024-11-01,D041,Sedan-Z,19,2065438.7
2024-11-01,D041,SUV-X,20,1973034.0
2024-11-01,D041,MPV-Y,15,1205709.0
2024-11-01,D041,EV-E1,9,894506.4
2024-11-01,D042,Hatch-A,39,2561083.2
2024-11-01,D042,Sedan-Z,26,2483595.4
2024-11-01,D042,SUV-X,17,1126085.1
2024-11-01,D042,MPV-Y,9,1059512.4
2024-11-01,D042,EV-E1,9,576018.9
2024-11-01,D043,Hatch-A,48,5032257.6
2024-11-01,D043,Sedan-Z,37,2722989.1
2024-11-01,D043,SUV-X,19,1650997.4
2024-11-01,D043,MPV-Y,18,2028061.8
2024-11-01,D043,EV-E1,3,194453.4
2024-11-01,D044,Hatch-A,37,2065055.1
2024-11-01,D044,Sedan-Z,26,1456483.6
2024-11-01,D044,SUV-X,9,559859.4
2024-11-01,D044,MPV-Y,19,986396.4
2024-11-01,D044,EV-E1,1,57620.8
2024-11-01,D045,Hatch-A,25,1828065.0
2024-11-01,D045,Sedan-Z,23,2198282.5
2024-11-01,D045,SUV-X,15,1207510.5
2024-11-01,D045,MPV-Y,20,1130878.0
2024-11-01,D045,EV-E1,10,697286.0
2024-11-01,D046,Hatch-A,22,2183517.6
2024-11-01,D046,Sedan-Z,12,837732.0
2024-11-01,D046,SUV-X,2,169869.0
2024-11-01,D046,MPV-Y,3,326036.7
2024-11-01,D046,EV-E1,2,129067.6
2024-11-01,D047,Hatch-A,34,3143058.6
2024-11-01,D047,Sedan-Z,18,2092908.6
2024-11-01,D047,SUV-X,11,776409.7
2024-11-01,D047,MPV-Y,3,210875.4
2024-11-01,D047,EV-E1,4,243067.6
2024-11-01,D048,Hatch-A,23,1515695.4
2024-11-01,D048,Sedan-Z,12,895016.4
2024-11-01,D048,SUV-X,8,582035.2
2024-11-01,D049,Hatch-A,19,1923136.3
2024-11-01,D049,Sedan-Z,19,2119983.9
2024-11-01,D049,SUV-X,15,1189969.5
2024-11-01,D049,MPV-Y,17,1818879.3
2024-11-01,D049,EV-E1,16,1804651.2
2024-11-01,D050,Hatch-A,40,3352984.0
2024-11-01,D050,Sedan-Z,31,3503034.1
2024-11-01,D050,SUV-X,24,1519473.6
2024-11-01,D050,MPV-Y,14,1480871.0
2024-11-01,D050,EV-E1,3,341534.7
2024-12-01,D001,Hatch-A,46,2940011.8
2024-12-01,D001,Sedan-Z,29,3375510.1
2024-12-01,D001,SUV-X,18,1353315.6
2024-12-01,D001,MPV-Y,19,1616371.8
2024-12-01,D001,EV-E1,12,1235739.6
2024-12-01,D002,Hatch-A,13,687025.3
2024-12-01,D002,Sedan-Z,12,1353315.6
2024-12-01,D002,SUV-X,7,573430.2
2024-12-01,D002,MPV-Y,15,1408482.0
2024-12-01,D003,Hatch-A,32,3498915.2
2024-12-01,D003,Sedan-Z,18,929763.0
2024-12-01,D003,SUV-X,13,1020878.3
2024-12-01,D003,MPV-Y,8,750995.2
2024-12-01,D003,EV-E1,8,872535.2
2024-12-01,D004,Hatch-A,22,2472263.2
2024-12-01,D004,Sedan-Z,20,1773582.0
2024-12-01,D004,SUV-X,5,495937.0
2024-12-01,D004,MPV-Y,3,173398.2
2024-12-01,D004,EV-E1,7,415941.4
2024-12-01,D005,Hatch-A,17,1606251.8
2024-12-01,D005,Sedan-Z,19,2181203.8
2024-12-01,D005,SUV-X,8,660150.4
2024-12-01,D005,EV-E1,6,461747.4
2024-12-01,D006,Hatch-A,24,1812228.0
2024-12-01,D006,Sedan-Z,8,599773.6
2024-12-01,D006,SUV-X,10,1158767.0
2024-12-01,D006,MPV-Y,10,706717.0
2024-12-01,D007,Hatch-A,21,2228102.1
2024-12-01,D007,Sedan-Z,18,1705685.4
2024-12-01,D007,SUV-X,7,498542.8
2024-12-01,D007,MPV-Y,7,525485.8
2024-12-01,D007,EV-E1,5,468335.0
2024-12-01,D008,Hatch-A,38,4057742.6
2024-12-01,D008,Sedan-Z,20,2015600.0
2024-12-01,D008,SUV-X,15,907264.5
2024-12-01,D008,MPV-Y,15,831543.0
2024-12-01,D008,EV-E1,10,553997.0
2024-12-01,D009,Hatch-A,42,4068670.2
2024-12-01,D009,Sedan-Z,28,2557889.6
2024-12-01,D009,SUV-X,27,2643291.9
2024-12-01,D009,MPV-Y,12,1285191.6
2024-12-01,D009,EV-E1,3,210567.9
2024-12-01,D010,Hatch-A,39,3009758.7
2024-12-01,D010,Sedan-Z,25,2869997.5
2024-12-01,D010,SUV-X,15,864637.5
2024-12-01,D010,MPV-Y,10,611915.0
2024-12-01,D011,Hatch-A,27,2104242.3
2024-12-01,D011,Sedan-Z,22,1801406.2
2024-12-01,D011,SUV-X,3,178817.4
2024-12-01,D011,MPV-Y,20,1175752.0
2024-12-01,D011,EV-E1,9,685278.0
2024-12-01,D012,Hatch-A,22,2151254.6
2024-12-01,D012,Sedan-Z,10,896601.0
2024-12-01,D012,SUV-X,11,1189681.9
2024-12-01,D012,MPV-Y,3,199321.2
2024-12-01,D012,EV-E1,1,70739.7
2024-12-01,D013,Hatch-A,35,1877414.0
2024-12-01,D013,Sedan-Z,17,943809.4
2024-12-01,D013,SUV-X,17,1948693.0
2024-12-01,D014,Hatch-A,34,3768675.6
2024-12-01,D014,Sedan-Z,13,837687.5
2024-12-01,D014,SUV-X,2,166777.4
2024-12-01,D014,MPV-Y,18,2083055.4
2024-12-01,D014,EV-E1,10,1169113.0
2024-12-01,D015,Hatch-A,21,2503806.9
2024-12-01,D015,Sedan-Z,14,1248478.0
2024-12-01,D015,SUV-X,16,1661286.4
2024-12-01,D015,MPV-Y,6,472299.6
2024-12-01,D015,EV-E1,6,456426.0
2024-12-01,D016,Hatch-A,16,1171712.0
2024-12-01,D016,Sedan-Z,13,1504549.8
2024-12-01,D016,SUV-X,14,807069.2
2024-12-01,D016,MPV-Y,12,1028211.6
2024-12-01,D016,EV-E1,1,99452.7
2024-12-01,D017,Hatch-A,40,2529132.0
2024-12-01,D017,Sedan-Z,27,2412301.5
2024-12-01,D017,SUV-X,20,2112214.0
2024-12-01,D017,MPV-Y,16,876446.4
2024-12-01,D017,EV-E1,2,234106.6
2024-12-01,D018,Hatch-A,21,1572511.5
2024-12-01,D018,Sedan-Z,12,905948.4
2024-12-01,D018,MPV-Y,9,725868.9
2024-12-01,D018,EV-E1,7,489237.0
2024-12-01,D019,Hatch-A,25,1326152.5
2024-12-01,D019,Sedan-Z,14,713260.8
2024-12-01,D019,SUV-X,14,1365802.2
2024-12-01,D019,MPV-Y,11,597478.2
2024-12-01,D019,EV-E1,2,235986.0
2024-12-01,D020,Hatch-A,24,1407295.2
2024-12-01,D020,Sedan-Z,15,1460878.5
2024-12-01,D020,SUV-X,2,239361.0
2024-12-01,D020,MPV-Y,9,864956.7
2024-12-01,D020,EV-E1,6,405243.0
2024-12-01,D021,Hatch-A,20,1770014.0
2024-12-01,D021,Sedan-Z,16,897907.2
2024-12-01,D021,SUV-X,16,1897363.2
2024-12-01,D021,MPV-Y,8,941072.8
2024-12-01,D021,EV-E1,2,121408.8
2024-12-01,D022,Hatch-A,36,3618622.8
2024-12-01,D022,Sedan-Z,25,2476470.0
2024-12-01,D022,SUV-X,22,1614987.0
2024-12-01,D022,MPV-Y,13,1541920.9
2024-12-01,D022,EV-E1,3,185746.8
2024-12-01,D023,Hatch-A,15,1749165.0
2024-12-01,D023,Sedan-Z,7,789103.0
2024-12-01,D023,SUV-X,14,967824.2
2024-12-01,D023,MPV-Y,13,914296.5
2024-12-01,D024,Hatch-A,24,2576932.8
2024-12-01,D024,Sedan-Z,14,1415223.6
2024-12-01,D024,SUV-X,20,1739584.0
2024-12-01,D024,MPV-Y,10,668600.0
2024-12-01,D025,Hatch-A,48,5538321.6
2024-12-01,D025,Sedan-Z,32,3149929.6
2024-12-01,D025,SUV-X,17,1334921.6
2024-12-01,D025,MPV-Y,16,1658419.2
2024-12-01,D025,EV-E1,7,588501.2
2024-12-01,D026,Hatch-A,20,1933380.0
2024-12-01,D026,Sedan-Z,9,572534.1
2024-12-01,D026,SUV-X,13,1391393.9
2024-12-01,D026,MPV-Y,11,760003.2
2024-12-01,D026,EV-E1,3,151673.1
2024-12-01,D027,Hatch-A,30,2765589.0
2024-12-01,D027,Sedan-Z,28,2965533.2
2024-12-01,D027,SUV-X,10,744942.0
2024-12-01,D027,MPV-Y,14,833166.6
2024-12-01,D028,Hatch-A,25,2714605.0
2024-12-01,D028,Sedan-Z,5,431272.0
2024-12-01,D028,SUV-X,9,696550.5
2024-12-01,D028,MPV-Y,9,702175.5
2024-12-01,D029,Hatch-A,30,2046141.0
2024-12-01,D029,Sedan-Z,16,1227665.6
2024-12-01,D029,MPV-Y,16,965656.0
2024-12-01,D030,Hatch-A,44,4454727.2
2024-12-01,D030,Sedan-Z,25,1729530.0
2024-12-01,D030,SUV-X,14,857157.0
2024-12-01,D030,MPV-Y,6,300679.2
2024-12-01,D031,Hatch-A,18,1356494.4
2024-12-01,D031,Sedan-Z,19,2136939.5
2024-12-01,D031,SUV-X,16,1294140.8
2024-12-01,D031,MPV-Y,12,1073757.6
2024-12-01,D031,EV-E1,8,954315.2
2024-12-01,D032,Hatch-A,20,1993424.0
2024-12-01,D032,Sedan-Z,4,327181.2
2024-12-01,D032,SUV-X,6,627928.2
2024-12-01,D032,MPV-Y,6,570240.0
2024-12-01,D032,EV-E1,2,104320.4
2024-12-01,D033,Hatch-A,27,2275997.4
2024-12-01,D033,Sedan-Z,18,1846485.0
2024-12-01,D033,SUV-X,16,1073977.6
2024-12-01,D033,MPV-Y,8,471794.4
2024-12-01,D033,EV-E1,1,58984.6
2024-12-01,D034,Hatch-A,6,475623.6
2024-12-01,D034,Sedan-Z,9,665682.3
2024-12-01,D034,SUV-X,11,913907.5
2024-12-01,D034,MPV-Y,10,1126787.0
2024-12-01,D035,Hatch-A,28,1884635.2
2024-12-01,D035,Sedan-Z,23,2355558.8
2024-12-01,D035,SUV-X,12,843769.2
2024-12-01,D035,MPV-Y,4,457481.2
2024-12-01,D035,EV-E1,8,552436.0
2024-12-01,D036,Hatch-A,26,2422014.4
2024-12-01,D036,Sedan-Z,13,950982.5
2024-12-01,D036,SUV-X,11,866989.2
2024-12-01,D036,MPV-Y,11,1047326.5
2024-12-01,D036,EV-E1,4,366525.2
2024-12-01,D037,Hatch-A,38,3803142.6
2024-12-01,D037,Sedan-Z,22,1505020.0
2024-12-01,D037,SUV-X,19,1342775.6
2024-12-01,D037,MPV-Y,12,618879.6
2024-12-01,D037,EV-E1,6,312634.8
2024-12-01,D038,Hatch-A,20,1492602.0
2024-12-01,D038,Sedan-Z,17,1888320.9
2024-12-01,D038,SUV-X,7,776266.4
2024-12-01,D038,MPV-Y,4,231283.6
2024-12-01,D038,EV-E1,2,138588.2
2024-12-01,D039,Hatch-A,48,4359811.2
2024-12-01,D039,Sedan-Z,26,2336451.0
2024-12-01,D039,SUV-X,25,2632515.0
2024-12-01,D039,MPV-Y,17,1233195.3
2024-12-01,D039,EV-E1,2,173739.4
2024-12-01,D040,Hatch-A,24,2101428.0
2024-12-01,D040,Sedan-Z,20,2134512.0
2024-12-01,D040,SUV-X,15,1793185.5
2024-12-01,D040,MPV-Y,6,638874.0
2024-12-01,D040,EV-E1,5,399409.0
2024-12-01,D041,Hatch-A,38,4165153.4
2024-12-01,D041,Sedan-Z,26,1809576.6
2024-12-01,D041,SUV-X,26,3003395.2
2024-12-01,D041,MPV-Y,11,1120848.3
2024-12-01,D041,EV-E1,9,518668.2
2024-12-01,D042,Hatch-A,43,4659161.8
2024-12-01,D042,Sedan-Z,24,1661232.0
2024-12-01,D042,SUV-X,19,2147870.2
2024-12-01,D042,MPV-Y,2,228280.8
2024-12-01,D042,EV-E1,3,349227.9
2024-12-01,D043,Hatch-A,32,1997542.4
2024-12-01,D043,Sedan-Z,26,1511044.6
2024-12-01,D043,SUV-X,24,2396414.4
2024-12-01,D043,MPV-Y,19,2208221.8
2024-12-01,D043,EV-E1,7,568397.9
2024-12-01,D044,Hatch-A,41,2180486.6
2024-12-01,D044,Sedan-Z,24,2016321.6
2024-12-01,D044,SUV-X,19,1618668.9
2024-12-01,D044,MPV-Y,10,678130.0
2024-12-01,D044,EV-E1,15,1695552.0
2024-12-01,D045,Hatch-A,33,2391816.9
2024-12-01,D045,Sedan-Z,17,1942948.7
2024-12-01,D045,SUV-X,11,1026144.9
2024-12-01,D045,MPV-Y,6,572143.2
2024-12-01,D045,EV-E1,14,1667610.0
2024-12-01,D046,Hatch-A,28,2220769.6
2024-12-01,D046,Sedan-Z,14,1344730.8
2024-12-01,D046,SUV-X,8,932263.2
2024-12-01,D046,MPV-Y,7,643652.1
2024-12-01,D046,EV-E1,13,905507.2
2024-12-01,D047,Hatch-A,28,2153012.4
2024-12-01,D047,Sedan-Z,16,1053204.8
2024-12-01,D047,SUV-X,22,1994280.2
2024-12-01,D047,MPV-Y,13,1413796.8
2024-12-01,D048,Hatch-A,19,1335359.9
2024-12-01,D048,Sedan-Z,13,715926.9
2024-12-01,D048,SUV-X,16,1461769.6
2024-12-01,D048,MPV-Y,7,616967.4
2024-12-01,D048,EV-E1,6,357201.0
2024-12-01,D049,Hatch-A,31,2839525.6
2024-12-01,D049,Sedan-Z,15,1735326.0
2024-12-01,D049,SUV-X,13,867051.9
2024-12-01,D049,MPV-Y,9,767837.7
2024-12-01,D049,EV-E1,3,340100.7
2024-12-01,D050,Hatch-A,38,3747309.2
2024-12-01,D050,Sedan-Z,29,2787253.8
2024-12-01,D050,SUV-X,11,1292527.5
2024-12-01,D050,MPV-Y,6,382692.6
2024-12-01,D050,EV-E1,10,1070819.0
