dealer_id,claim_id,model,issue_type,severity,filed_date,resolution_days
D034,C00001,Hatch-A,Other,2,2024-01-21,6
D009,C00002,Sedan-Z,Engine,1,2024-05-11,8
D038,C00003,Hatch-A,AC,1,2024-05-15,2
D026,C00004,SUV-X,Body,2,2025-01-07,5
D035,C00005,Sedan-Z,AC,2,2024-07-19,8
D050,C00006,Sedan-Z,AC,2,2024-04-19,5
D011,C00007,Sedan-Z,Electrical,1,2024-06-17,13
D036,C00008,SUV-X,Engine,2,2024-06-13,5
D016,C00009,SUV-X,Body,1,2024-10-13,5
D044,C00010,Sedan-Z,Engine,3,2024-05-28,4
D010,C00011,Sedan-Z,Body,1,2024-03-17,6
D041,C00012,EV-E1,Engine,1,2024-06-23,5
D019,C00013,SUV-X,AC,2,2024-04-19,8
D023,C00014,Hatch-A,Electrical,2,2024-07-02,1
D026,C00015,MPV-Y,AC,2,2024-07-02,5
D050,C00016,MPV-Y,Engine,1,2024-12-29,8
D046,C00017,MPV-Y,Electrical,1,2024-05-29,12
D007,C00018,Hatch-A,Electrical,2,2025-01-01,9
D045,C00019,Sedan-Z,Electrical,2,2024-10-23,6
D045,C00020,SUV-X,Electrical,3,2024-11-15,8
D023,C00021,SUV-X,Other,3,2024-06-08,12
D034,C00022,EV-E1,Other,3,2024-07-21,5
D019,C00023,SUV-X,Electrical,1,2025-02-21,6
D002,C00024,Sedan-Z,AC,2,2024-08-23,6
D009,C00025,SUV-X,AC,1,2024-11-15,6
D012,C00026,Hatch-A,Body,3,2024-06-09,8
D003,C00027,SUV-X,Body,1,2025-03-30,4
D047,C00028,EV-E1,Other,2,2024-08-27,7
D007,C00029,Hatch-A,Engine,1,2024-02-23,12
D021,C00030,EV-E1,Body,2,2024-09-23,10
D041,C00031,Hatch-A,Body,3,2024-09-04,8
D050,C00032,Sedan-Z,AC,1,2024-12-31,13
D050,C00033,SUV-X,Body,1,2024-05-10,7
D007,C00034,Sedan-Z,AC,1,2024-10-31,9
D007,C00035,Sedan-Z,Body,1,2024-06-10,9
D035,C00036,Sedan-Z,Other,1,2024-10-09,6
D024,C00037,MPV-Y,Electrical,1,2024-05-19,3
D040,C00038,EV-E1,Body,1,2024-11-09,10
D040,C00039,EV-E1,Body,3,2024-10-06,4
D047,C00040,EV-E1,Engine,3,2024-01-29,2
D026,C00041,Hatch-A,Engine,2,2024-05-03,5
D003,C00042,Hatch-A,Other,3,2024-05-20,2
D010,C00043,MPV-Y,Body,3,2024-10-11,12
D021,C00044,EV-E1,Brakes,2,2024-07-18,7
D007,C00045,Hatch-A,AC,3,2024-08-28,4
D011,C00046,MPV-Y,Other,2,2024-11-23,5
D025,C00047,EV-E1,AC,2,2024-03-05,11
D028,C00048,EV-E1,Electrical,1,2024-03-29,6
D026,C00049,Hatch-A,Other,3,2024-07-07,10
D024,C00050,Sedan-Z,Brakes,2,2024-11-04,5
D023,C00051,Sedan-Z,Brakes,1,2025-03-04,6
D032,C00052,SUV-X,Engine,2,2024-06-19,7
D032,C00053,MPV-Y,Body,3,2024-06-22,6
D046,C00054,Hatch-A,Engine,1,2024-09-20,11
D013,C00055,MPV-Y,Body,1,2024-12-27,7
D017,C00056,EV-E1,Body,2,2024-10-06,10
D006,C00057,SUV-X,AC,2,2024-10-17,10
D015,C00058,MPV-Y,Engine,1,2024-10-15,5
D011,C00059,Hatch-A,Brakes,2,2024-04-02,1
D026,C00060,Sedan-Z,AC,2,2024-05-18,6
D026,C00061,MPV-Y,Body,3,2024-10-03,2
D035,C00062,MPV-Y,Brakes,3,2024-05-22,8
D024,C00063,MPV-Y,Other,3,2024-11-25,2
D038,C00064,SUV-X,Engine,3,2024-11-04,6
D014,C00065,MPV-Y,Body,2,2024-04-10,13
D037,C00066,Sedan-Z,Other,1,2024-01-29,9
D011,C00067,Sedan-Z,AC,2,2024-06-08,4
D046,C00068,SUV-X,Engine,1,2024-05-08,6
D042,C00069,Sedan-Z,Other,3,2024-03-05,7
D050,C00070,SUV-X,AC,2,2024-08-25,5
D006,C00071,EV-E1,Brakes,3,2024-07-04,11
D002,C00072,Sedan-Z,AC,3,2024-10-02,4
D007,C00073,Sedan-Z,Brakes,1,2024-06-19,8
D010,C00074,SUV-X,Other,3,2024-12-21,8
D029,C00075,Sedan-Z,Brakes,3,2024-06-04,8
D043,C00076,Sedan-Z,Electrical,2,2024-12-10,9
D026,C00077,Hatch-A,Engine,1,2024-03-15,13
D036,C00078,Hatch-A,Other,2,2024-09-15,2
D036,C00079,MPV-Y,Brakes,1,2024-10-16,7
D010,C00080,MPV-Y,Engine,2,2024-03-06,5
D012,C00081,MPV-Y,AC,3,2024-03-28,8
D039,C00082,MPV-Y,Brakes,1,2024-01-12,8
D003,C00083,EV-E1,Other,2,2024-08-12,6
D017,C00084,SUV-X,Body,3,2024-06-23,14
D027,C00085,EV-E1,Electrical,3,2024-11-16,7
D044,C00086,Hatch-A,Engine,1,2024-09-11,7
D017,C00087,MPV-Y,Engine,3,2024-12-16,7
D004,C00088,Hatch-A,AC,3,2025-01-09,3
D034,C00089,SUV-X,Engine,2,2024-07-17,5
D026,C00090,Hatch-A,Body,3,2024-11-23,2
D009,C00091,Hatch-A,AC,2,2024-03-09,6
D029,C00092,SUV-X,AC,1,2024-08-04,10
D020,C00093,MPV-Y,Brakes,2,2025-02-23,7
D007,C00094,SUV-X,Engine,2,2024-07-09,8
D012,C00095,Hatch-A,AC,3,2024-04-16,4
D050,C00096,Hatch-A,AC,3,2025-01-20,11
D025,C00097,Hatch-A,Engine,2,2024-02-02,8
D041,C00098,Hatch-A,Body,2,2024-04-24,9
D015,C00099,Hatch-A,Body,3,2024-03-02,6
D014,C00100,EV-E1,AC,1,2024-12-03,5
D040,C00101,MPV-Y,AC,1,2024-07-24,3
D015,C00102,EV-E1,Electrical,1,2024-11-30,8
D012,C00103,Sedan-Z,AC,3,2024-04-17,9
D022,C00104,MPV-Y,Brakes,2,2024-12-31,2
D039,C00105,MPV-Y,Other,3,2024-08-28,6
D026,C00106,SUV-X,AC,2,2024-06-21,12
D043,C00107,Hatch-A,AC,3,2024-06-29,9
D035,C00108,SUV-X,Engine,2,2024-09-09,9
D050,C00109,SUV-X,Engine,2,2024-04-04,6
D035,C00110,SUV-X,AC,1,2024-02-24,9
D044,C00111,EV-E1,Electrical,2,2024-08-08,10
D016,C00112,MPV-Y,Brakes,1,2025-01-30,3
D037,C00113,Sedan-Z,AC,1,2024-10-18,16
D034,C00114,SUV-X,Other,1,2024-11-28,3
D046,C00115,MPV-Y,Electrical,2,2024-07-03,5
D030,C00116,EV-E1,Brakes,1,2024-11-11,6
D034,C00117,Sedan-Z,Brakes,2,2024-10-21,4
D001,C00118,Hatch-A,Other,3,2024-10-09,10
D047,C00119,EV-E1,Electrical,3,2024-04-20,4
D015,C00120,Hatch-A,Body,2,2024-04-07,4
D004,C00121,Sedan-Z,Engine,1,2024-06-10,9
D031,C00122,SUV-X,Brakes,1,2024-09-12,9
D028,C00123,SUV-X,Body,2,2024-07-23,9
D020,C00124,EV-E1,Engine,1,2024-07-30,1
D020,C00125,Sedan-Z,Body,2,2024-08-27,8
D024,C00126,MPV-Y,Brakes,3,2024-07-19,11
D044,C00127,SUV-X,Brakes,2,2024-10-03,10
D016,C00128,EV-E1,Body,3,2024-12-10,3
D032,C00129,EV-E1,Engine,2,2024-08-31,7
D038,C00130,SUV-X,Body,1,2024-10-22,7
D011,C00131,MPV-Y,Brakes,1,2025-01-26,6
D026,C00132,MPV-Y,Other,2,2025-02-13,10
D021,C00133,Hatch-A,Engine,3,2025-01-18,7
D038,C00134,MPV-Y,Body,3,2024-07-09,3
D047,C00135,Sedan-Z,Other,3,2024-05-22,4
D028,C00136,Sedan-Z,Other,3,2024-12-25,5
D040,C00137,Hatch-A,AC,2,2025-02-11,12
D038,C00138,SUV-X,Electrical,1,2024-06-05,4
D003,C00139,SUV-X,Other,2,2024-07-28,6
D044,C00140,EV-E1,Body,2,2024-11-16,11
D049,C00141,SUV-X,Other,1,2025-01-17,9
D030,C00142,SUV-X,Other,2,2024-05-04,9
D023,C00143,Sedan-Z,Body,2,2025-01-25,10
D011,C00144,Sedan-Z,Other,2,2025-02-18,3
D030,C00145,Hatch-A,Brakes,2,2024-11-17,10
D013,C00146,Hatch-A,Other,2,2024-10-17,2
D022,C00147,MPV-Y,Body,1,2024-02-24,3
D026,C00148,Hatch-A,AC,2,2024-08-28,12
D029,C00149,MPV-Y,Other,2,2024-09-13,8
D026,C00150,MPV-Y,Other,3,2025-03-28,4
D001,C00151,EV-E1,AC,3,2024-12-11,9
D004,C00152,MPV-Y,Body,2,2024-07-11,4
D033,C00153,MPV-Y,Electrical,3,2024-12-06,6
D019,C00154,Sedan-Z,Engine,2,2024-09-23,10
D007,C00155,EV-E1,Brakes,1,2024-03-25,5
D035,C00156,SUV-X,Electrical,3,2024-09-23,9
D017,C00157,Sedan-Z,Body,3,2024-05-29,3
D020,C00158,EV-E1,Brakes,2,2024-12-28,5
D035,C00159,SUV-X,Electrical,2,2025-02-09,5
D013,C00160,SUV-X,Other,1,2024-09-19,4
D022,C00161,Sedan-Z,Body,2,2024-10-27,10
D048,C00162,MPV-Y,Other,1,2024-03-09,6
D029,C00163,Hatch-A,Other,1,2024-12-26,7
D050,C00164,SUV-X,Brakes,3,2024-05-01,9
D016,C00165,SUV-X,Other,3,2024-09-20,5
D031,C00166,Sedan-Z,Body,2,2024-07-11,13
D015,C00167,Hatch-A,Engine,1,2024-11-29,6
D050,C00168,SUV-X,Other,2,2024-07-13,9
D018,C00169,Sedan-Z,AC,1,2024-08-16,4
D009,C00170,MPV-Y,AC,1,2024-04-14,15
D032,C00171,Sedan-Z,Engine,1,2025-02-24,9
D047,C00172,SUV-X,Electrical,3,2025-03-07,10
D032,C00173,SUV-X,Engine,2,2024-09-27,1
D009,C00174,Hatch-A,Electrical,3,2024-06-25,1
D014,C00175,SUV-X,Body,1,2024-03-16,10
D038,C00176,SUV-X,Other,3,2024-11-22,5
D024,C00177,Sedan-Z,Electrical,2,2024-11-19,10
D009,C00178,Sedan-Z,Electrical,1,2024-12-27,6
D036,C00179,Sedan-Z,AC,3,2024-05-27,11
D045,C00180,SUV-X,Other,1,2024-08-19,5
D023,C00181,EV-E1,Engine,2,2024-08-29,6
D015,C00182,SUV-X,AC,1,2024-09-22,7
D007,C00183,Sedan-Z,Other,3,2024-06-18,4
D020,C00184,Sedan-Z,Electrical,1,2024-11-11,11
D038,C00185,SUV-X,Body,1,2024-04-29,9
D030,C00186,Hatch-A,Engine,2,2024-05-30,13
D031,C00187,EV-E1,AC,2,2024-11-05,1
D029,C00188,Sedan-Z,Other,3,2024-11-28,5
D015,C00189,SUV-X,Body,3,2024-10-23,5
D007,C00190,EV-E1,Brakes,2,2024-08-26,7
D049,C00191,Hatch-A,Body,3,2024-10-26,4
D028,C00192,EV-E1,Body,2,2024-04-19,6
D035,C00193,SUV-X,Body,2,2024-02-25,4
D023,C00194,Hatch-A,AC,3,2024-08-10,5
D035,C00195,SUV-X,Electrical,2,2024-12-28,13
D041,C00196,Hatch-A,Brakes,1,2025-01-21,5
D017,C00197,SUV-X,Other,2,2024-03-26,2
D031,C00198,MPV-Y,Body,2,2024-05-30,4
D016,C00199,Hatch-A,Other,1,2025-01-30,9
D046,C00200,Sedan-Z,Brakes,2,2024-08-15,6
D006,C00201,Hatch-A,Engine,3,2024-02-08,14
D047,C00202,Hatch-A,Brakes,1,2024-07-27,7
D015,C00203,EV-E1,Brakes,2,2024-07-22,4
D038,C00204,MPV-Y,Brakes,3,2024-08-21,9
D018,C00205,SUV-X,Engine,1,2024-03-17,6
D007,C00206,SUV-X,AC,1,2024-04-25,8
D008,C00207,EV-E1,Electrical,3,2024-05-11,14
D048,C00208,EV-E1,AC,3,2024-06-08,3
D011,C00209,Sedan-Z,AC,1,2024-02-17,10
D001,C00210,MPV-Y,Electrical,2,2024-11-28,2
D018,C00211,MPV-Y,Brakes,3,2024-12-29,8
D049,C00212,SUV-X,Electrical,2,2024-08-25,8
D013,C00213,SUV-X,Engine,1,2024-06-16,5
D028,C00214,Sedan-Z,Electrical,2,2025-01-11,6
D020,C00215,Hatch-A,Body,3,2024-10-27,5
D041,C00216,SUV-X,Engine,3,2024-08-18,2
D039,C00217,Hatch-A,Electrical,2,2024-07-23,10
D007,C00218,Hatch-A,Engine,2,2024-12-16,9
D037,C00219,SUV-X,Brakes,2,2024-07-01,11
D036,C00220,Sedan-Z,Electrical,3,2024-11-21,9
D050,C00221,EV-E1,Other,3,2024-09-22,7
D017,C00222,Hatch-A,Body,3,2024-01-19,7
D021,C00223,Sedan-Z,AC,2,2024-12-03,3
D008,C00224,EV-E1,AC,2,2024-03-23,10
D028,C00225,Hatch-A,Electrical,2,2024-04-07,7
D010,C00226,SUV-X,Engine,2,2024-05-21,9
D039,C00227,EV-E1,Brakes,3,2024-06-30,6
D045,C00228,Sedan-Z,Other,2,2024-01-09,7
D046,C00229,Hatch-A,Other,1,2024-10-25,6
D022,C00230,MPV-Y,Electrical,1,2024-04-18,5
D025,C00231,SUV-X,Body,3,2024-08-30,7
D025,C00232,SUV-X,Engine,2,2024-11-14,4
D036,C00233,SUV-X,Body,3,2024-07-21,3
D048,C00234,Hatch-A,Other,1,2024-09-25,7
D012,C00235,Sedan-Z,Engine,3,2025-02-16,7
D022,C00236,SUV-X,Electrical,1,2024-09-09,3
D006,C00237,SUV-X,Electrical,1,2024-12-30,7
D006,C00238,SUV-X,Engine,2,2024-03-07,7
D036,C00239,MPV-Y,Electrical,2,2024-08-27,5
D002,C00240,Sedan-Z,AC,2,2024-11-24,10
D001,C00241,Sedan-Z,Brakes,2,2024-05-14,6
D022,C00242,SUV-X,Electrical,2,2024-05-25,13
D020,C00243,MPV-Y,Electrical,2,2024-03-11,11
D001,C00244,EV-E1,Engine,2,2024-07-20,7
D048,C00245,EV-E1,Engine,3,2025-03-20,9
D028,C00246,MPV-Y,Body,1,2024-11-28,2
D020,C00247,MPV-Y,Brakes,1,2024-03-22,5
D042,C00248,SUV-X,Other,1,2024-09-12,11
D038,C00249,MPV-Y,Other,1,2024-03-12,6
D016,C00250,EV-E1,Engine,1,2024-09-14,6
D010,C00251,MPV-Y,AC,1,2024-12-23,10
D050,C00252,Hatch-A,Body,1,2024-06-10,9
D043,C00253,Sedan-Z,AC,1,2024-02-20,3
D009,C00254,MPV-Y,Electrical,3,2024-03-17,9
D032,C00255,Sedan-Z,Engine,3,2024-03-12,8
D002,C00256,MPV-Y,AC,2,2024-11-30,6
D023,C00257,MPV-Y,Other,2,2024-09-25,9
D033,C00258,Hatch-A,Brakes,1,2024-05-14,9
D005,C00259,EV-E1,Body,3,2024-06-19,3
D048,C00260,Hatch-A,Other,3,2024-09-07,9
D006,C00261,Sedan-Z,Engine,1,2024-06-26,8
D049,C00262,MPV-Y,Brakes,1,2024-04-14,7
D016,C00263,Hatch-A,Body,1,2024-02-08,5
D014,C00264,SUV-X,Brakes,3,2024-04-13,3
D014,C00265,MPV-Y,Other,2,2024-12-07,13
D032,C00266,EV-E1,Electrical,3,2025-02-03,4
D043,C00267,SUV-X,AC,1,2024-06-30,6
D019,C00268,Hatch-A,Body,3,2024-11-30,6
D007,C00269,SUV-X,Other,1,2024-04-18,5
D045,C00270,Hatch-A,Engine,3,2024-12-05,9
D035,C00271,Hatch-A,Brakes,3,2024-06-04,9
D013,C00272,EV-E1,Body,1,2024-07-03,8
D018,C00273,Hatch-A,Body,1,2024-11-10,5
D007,C00274,MPV-Y,Brakes,3,2024-06-04,11
D043,C00275,Sedan-Z,Electrical,3,2024-09-15,3
D017,C00276,Sedan-Z,Brakes,1,2024-06-30,7
D033,C00277,EV-E1,Body,3,2024-01-21,10
D039,C00278,MPV-Y,Brakes,1,2024-07-03,6
D042,C00279,Sedan-Z,Electrical,2,2024-05-31,1
D002,C00280,Sedan-Z,Engine,2,2024-06-12,6
D046,C00281,Hatch-A,Brakes,3,2024-10-22,5
D002,C00282,EV-E1,Electrical,3,2024-06-03,3
D038,C00283,SUV-X,AC,2,2024-05-15,8
D035,C00284,Hatch-A,AC,3,2025-01-13,6
D022,C00285,Sedan-Z,Body,3,2024-12-08,1
D033,C00286,Sedan-Z,Brakes,3,2024-10-27,4
D016,C00287,Hatch-A,Body,2,2024-04-03,6
D033,C00288,Sedan-Z,Electrical,2,2024-02-08,7
D046,C00289,SUV-X,Other,3,2025-01-25,10
D018,C00290,SUV-X,Brakes,2,2024-02-01,7
D009,C00291,Hatch-A,AC,1,2024-04-28,7
D046,C00292,SUV-X,Brakes,2,2024-04-16,7
D016,C00293,SUV-X,AC,2,2024-08-19,4
D030,C00294,Hatch-A,Body,3,2025-01-15,6
D024,C00295,MPV-Y,Other,2,2024-10-16,12
D024,C00296,Hatch-A,Brakes,1,2024-06-23,11
D044,C00297,MPV-Y,Electrical,2,2025-03-03,7
D041,C00298,Hatch-A,AC,2,2024-07-16,4
D044,C00299,Hatch-A,AC,2,2024-12-17,9
D019,C00300,SUV-X,Brakes,2,2025-03-11,7
D045,C00301,Hatch-A,Brakes,3,2024-03-07,6
D046,C00302,EV-E1,Other,2,2024-12-28,10
D041,C00303,Sedan-Z,Body,1,2024-06-16,6
D028,C00304,Hatch-A,Body,1,2024-07-27,5
D027,C00305,SUV-X,Engine,1,2024-06-12,7
D050,C00306,Hatch-A,Other,2,2024-11-27,6
D017,C00307,SUV-X,Electrical,3,2024-08-15,6
D004,C00308,MPV-Y,AC,3,2025-01-28,7
D039,C00309,Sedan-Z,Electrical,3,2024-07-16,1
D044,C00310,Hatch-A,Other,2,2024-03-24,12
D009,C00311,MPV-Y,Electrical,1,2024-06-28,5
D010,C00312,Sedan-Z,Engine,2,2024-07-17,9
D021,C00313,Sedan-Z,AC,2,2025-01-23,5
D006,C00314,MPV-Y,Other,1,2024-07-06,10
D012,C00315,MPV-Y,Brakes,3,2025-03-19,8
D029,C00316,EV-E1,Body,2,2024-04-04,8
D012,C00317,EV-E1,Electrical,3,2024-12-10,9
D031,C00318,Hatch-A,Body,2,2024-12-26,9
D023,C00319,MPV-Y,Electrical,3,2024-05-11,10
D049,C00320,SUV-X,Body,2,2024-07-15,5
D010,C00321,EV-E1,Brakes,3,2024-10-11,9
D035,C00322,Hatch-A,Electrical,2,2024-07-11,2
D015,C00323,EV-E1,Brakes,2,2024-07-20,6
D043,C00324,Hatch-A,AC,1,2025-01-22,11
D011,C00325,Hatch-A,Other,1,2024-11-12,5
D046,C00326,EV-E1,Brakes,1,2024-10-31,6
D035,C00327,EV-E1,Other,3,2024-06-18,6
D047,C00328,Sedan-Z,Other,1,2024-04-18,13
D042,C00329,Hatch-A,AC,1,2024-04-17,4
D039,C00330,SUV-X,Other,2,2025-01-21,5
D015,C00331,SUV-X,Brakes,3,2024-05-07,8
D017,C00332,MPV-Y,Body,3,2024-07-26,7
D016,C00333,MPV-Y,Body,2,2024-09-25,8
D012,C00334,Hatch-A,Engine,1,2024-10-18,6
D032,C00335,Hatch-A,Brakes,1,2025-01-15,6
D008,C00336,SUV-X,Brakes,1,2025-01-11,3
D005,C00337,Hatch-A,Brakes,1,2024-08-16,9
D036,C00338,Hatch-A,Other,3,2024-08-08,6
D022,C00339,SUV-X,AC,2,2024-03-10,10
D021,C00340,MPV-Y,Engine,1,2024-09-19,3
D047,C00341,Hatch-A,Body,2,2025-03-26,9
D006,C00342,MPV-Y,Other,1,2024-05-04,2
D018,C00343,EV-E1,Other,2,2024-11-20,13
D021,C00344,EV-E1,Engine,1,2024-12-27,8
D006,C00345,Sedan-Z,Body,2,2024-02-28,5
D032,C00346,MPV-Y,Electrical,2,2024-04-15,4
D028,C00347,MPV-Y,Electrical,2,2024-03-04,7
D047,C00348,Sedan-Z,AC,1,2024-04-12,8
D043,C00349,MPV-Y,Brakes,2,2024-04-07,6
D044,C00350,EV-E1,Engine,1,2025-01-09,6
D011,C00351,Hatch-A,Electrical,2,2024-02-06,6
D035,C00352,SUV-X,Engine,3,2024-12-02,12
D003,C00353,Hatch-A,Other,3,2024-04-03,8
D011,C00354,Hatch-A,Engine,1,2024-06-21,8
D003,C00355,Sedan-Z,AC,3,2024-10-26,1
D011,C00356,Sedan-Z,Brakes,1,2024-12-08,11
D012,C00357,SUV-X,AC,1,2025-01-26,10
D018,C00358,Sedan-Z,Body,2,2024-07-09,4
D009,C00359,MPV-Y,Body,3,2024-08-02,3
D048,C00360,MPV-Y,Body,1,2024-10-20,6
D037,C00361,Hatch-A,Body,2,2024-02-01,7
D013,C00362,SUV-X,Electrical,2,2024-06-20,10
D007,C00363,MPV-Y,Brakes,3,2024-04-20,6
D035,C00364,Sedan-Z,Electrical,2,2024-04-04,8
D036,C00365,SUV-X,Body,3,2024-04-03,4
D009,C00366,MPV-Y,Engine,3,2024-08-09,8
D030,C00367,MPV-Y,Other,1,2025-02-06,8
D025,C00368,SUV-X,AC,3,2024-03-11,11
D029,C00369,MPV-Y,AC,2,2024-12-21,10
D003,C00370,MPV-Y,Other,1,2025-01-11,10
D009,C00371,SUV-X,AC,1,2024-09-09,9
D015,C00372,MPV-Y,AC,3,2025-02-08,2
D005,C00373,Hatch-A,Engine,1,2025-02-22,6
D002,C00374,EV-E1,Engine,2,2024-05-12,9
D006,C00375,Sedan-Z,Electrical,3,2024-04-29,9
D012,C00376,EV-E1,Body,2,2024-09-02,2
D037,C00377,MPV-Y,Brakes,1,2024-12-17,6
D007,C00378,MPV-Y,AC,2,2024-02-27,6
D014,C00379,SUV-X,Other,2,2024-05-05,9
D007,C00380,Sedan-Z,Other,2,2024-03-31,7
D013,C00381,MPV-Y,Engine,3,2024-08-08,9
D017,C00382,MPV-Y,AC,2,2024-07-31,6
D008,C00383,Hatch-A,Other,3,2024-07-23,3
D032,C00384,Hatch-A,Other,1,2024-07-22,9
D019,C00385,SUV-X,Electrical,1,2024-10-21,11
D025,C00386,Hatch-A,Body,1,2024-08-25,8
D039,C00387,Hatch-A,Other,1,2025-01-01,2
D028,C00388,Sedan-Z,Brakes,1,2024-07-24,8
D022,C00389,MPV-Y,Engine,1,2025-01-28,7
D014,C00390,SUV-X,AC,2,2024-04-09,13
D050,C00391,EV-E1,Body,3,2024-03-31,3
D031,C00392,EV-E1,Body,2,2024-05-09,11
D045,C00393,MPV-Y,Electrical,1,2024-08-15,6
D040,C00394,Sedan-Z,Electrical,3,2024-06-28,3
D005,C00395,EV-E1,Brakes,3,2025-02-05,5
D021,C00396,MPV-Y,Electrical,2,2024-05-11,8
D037,C00397,SUV-X,Body,3,2024-03-18,7
D023,C00398,Hatch-A,Electrical,2,2024-06-15,7
D011,C00399,EV-E1,Engine,3,2024-08-03,3
D043,C00400,Sedan-Z,Engine,2,2024-06-11,6
D026,C00401,Sedan-Z,Other,2,2024-10-06,10
D043,C00402,EV-E1,Body,2,2024-06-14,6
D017,C00403,MPV-Y,Engine,1,2024-01-29,4
D039,C00404,Hatch-A,AC,3,2024-03-02,7
D048,C00405,Hatch-A,Body,3,2024-06-18,8
D010,C00406,Sedan-Z,Engine,3,2024-10-31,5
D016,C00407,SUV-X,Brakes,3,2024-03-24,7
D008,C00408,EV-E1,Engine,1,2024-06-07,6
D049,C00409,Hatch-A,Electrical,3,2024-06-25,7
D005,C00410,EV-E1,Other,2,2025-03-28,4
D026,C00411,SUV-X,Brakes,1,2024-06-24,2
D009,C00412,SUV-X,Body,2,2024-04-14,6
D010,C00413,Sedan-Z,Other,2,2024-04-04,5
D005,C00414,Sedan-Z,Engine,2,2024-06-19,7
D028,C00415,MPV-Y,Brakes,2,2024-05-29,9
D017,C00416,MPV-Y,Brakes,2,2024-12-04,4
D047,C00417,Sedan-Z,Other,1,2024-05-16,4
D034,C00418,Hatch-A,AC,2,2024-09-07,3
D012,C00419,Hatch-A,Electrical,3,2024-07-27,8
D007,C00420,MPV-Y,Electrical,2,2024-10-11,7
D021,C00421,EV-E1,Other,2,2024-03-26,3
D043,C00422,Hatch-A,Body,1,2024-09-18,10
D008,C00423,SUV-X,Electrical,1,2024-04-23,7
D035,C00424,EV-E1,Brakes,2,2024-12-27,10
D025,C00425,Sedan-Z,Brakes,1,2024-11-11,6
D018,C00426,SUV-X,Electrical,3,2024-05-12,1
D002,C00427,MPV-Y,Engine,3,2024-12-16,8
D044,C00428,EV-E1,Body,2,2024-05-31,4
D030,C00429,Hatch-A,Electrical,1,2024-09-10,4
D017,C00430,Sedan-Z,AC,3,2024-03-08,6
D023,C00431,SUV-X,Brakes,3,2024-06-19,10
D044,C00432,SUV-X,Electrical,3,2024-10-24,5
D024,C00433,MPV-Y,Electrical,1,2024-05-28,6
D006,C00434,MPV-Y,AC,2,2024-09-06,10
D047,C00435,MPV-Y,Body,1,2024-02-10,7
D022,C00436,SUV-X,Brakes,2,2024-04-26,7
D022,C00437,SUV-X,Other,2,2024-04-14,1
D021,C00438,Sedan-Z,Engine,1,2024-03-27,8
D044,C00439,SUV-X,Other,3,2024-06-14,5
D041,C00440,Sedan-Z,AC,3,2024-02-21,7
D036,C00441,Hatch-A,AC,2,2025-02-16,1
D037,C00442,EV-E1,Body,1,2024-09-21,14
D013,C00443,SUV-X,Body,2,2024-09-11,4
D040,C00444,Hatch-A,Engine,1,2024-05-20,7
D050,C00445,MPV-Y,Engine,2,2024-01-11,3
D030,C00446,EV-E1,Engine,3,2025-01-28,4
D010,C00447,SUV-X,AC,2,2024-07-21,9
D005,C00448,Hatch-A,Other,2,2024-05-19,6
D045,C00449,EV-E1,Body,3,2025-02-18,9
D021,C00450,SUV-X,Brakes,2,2024-03-15,7
D037,C00451,EV-E1,Electrical,2,2024-12-09,12
D025,C00452,MPV-Y,AC,2,2025-01-21,7
D041,C00453,Sedan-Z,Body,1,2024-08-13,6
D039,C00454,EV-E1,Electrical,1,2024-11-10,5
D001,C00455,SUV-X,Body,3,2024-03-29,9
D016,C00456,Sedan-Z,Other,1,2024-07-22,8
D035,C00457,SUV-X,Engine,2,2024-04-05,7
D018,C00458,EV-E1,Electrical,2,2024-05-18,6
D001,C00459,EV-E1,Body,2,2025-01-17,5
D025,C00460,Sedan-Z,Engine,2,2024-11-06,4
D045,C00461,EV-E1,Other,2,2025-01-16,15
D003,C00462,Sedan-Z,Body,3,2024-04-08,5
D042,C00463,SUV-X,Other,2,2024-11-14,6
D005,C00464,SUV-X,AC,2,2024-07-05,9
D013,C00465,SUV-X,Body,2,2024-05-25,5
D032,C00466,EV-E1,Brakes,2,2024-07-25,7
D016,C00467,MPV-Y,Body,3,2024-09-30,7
D047,C00468,SUV-X,Electrical,2,2024-03-06,3
D028,C00469,EV-E1,Brakes,1,2024-11-29,8
D037,C00470,Sedan-Z,Other,1,2024-08-07,7
D045,C00471,EV-E1,Body,2,2025-03-11,9
D029,C00472,EV-E1,AC,2,2024-09-07,11
D015,C00473,MPV-Y,Engine,2,2024-03-07,5
D001,C00474,Hatch-A,Other,2,2024-07-08,3
D031,C00475,SUV-X,Other,2,2024-08-13,6
D001,C00476,Sedan-Z,Electrical,3,2024-09-28,6
D019,C00477,MPV-Y,Other,1,2024-11-08,5
D050,C00478,EV-E1,Electrical,1,2024-06-29,4
D037,C00479,EV-E1,AC,3,2024-08-07,6
D040,C00480,Sedan-Z,Body,2,2024-03-23,4
D041,C00481,MPV-Y,Engine,2,2024-01-06,1
D041,C00482,MPV-Y,Engine,3,2025-01-16,9
D011,C00483,EV-E1,Electrical,1,2024-01-21,8
D049,C00484,EV-E1,Other,1,2024-03-20,11
D016,C00485,Hatch-A,Electrical,3,2024-07-30,13
D043,C00486,Hatch-A,AC,1,2024-10-02,6
D010,C00487,SUV-X,Electrical,2,2024-05-20,6
D050,C00488,SUV-X,Brakes,3,2024-11-07,2
D039,C00489,SUV-X,Other,2,2024-11-03,5
D007,C00490,Sedan-Z,Other,1,2024-08-20,8
D034,C00491,Sedan-Z,Brakes,3,2024-06-14,4
D027,C00492,MPV-Y,Body,2,2024-11-02,5
D019,C00493,Sedan-Z,Brakes,3,2024-11-07,8
D005,C00494,Sedan-Z,Other,2,2024-03-09,5
D017,C00495,SUV-X,Body,1,2024-10-04,5
D026,C00496,EV-E1,Body,1,2024-04-19,2
D012,C00497,Hatch-A,AC,3,2024-08-13,6
D038,C00498,EV-E1,Other,2,2024-10-27,7
D016,C00499,SUV-X,AC,3,2024-07-15,8
D001,C00500,MPV-Y,Engine,2,2024-06-10,5
D007,C00501,Sedan-Z,Engine,3,2024-03-16,6
D036,C00502,Sedan-Z,Other,1,2024-04-19,6
D010,C00503,Hatch-A,Electrical,1,2024-12-17,8
D049,C00504,Hatch-A,Other,2,2025-01-23,6
D040,C00505,SUV-X,Engine,1,2024-11-13,6
D016,C00506,SUV-X,Brakes,1,2024-03-30,4
D039,C00507,Sedan-Z,Brakes,2,2024-12-08,4
D008,C00508,MPV-Y,Brakes,2,2024-10-18,6
D017,C00509,SUV-X,AC,1,2024-04-25,8
D015,C00510,Hatch-A,Body,2,2024-11-10,9
D049,C00511,Hatch-A,Body,3,2024-04-22,11
D033,C00512,Hatch-A,AC,1,2024-06-12,9
D002,C00513,MPV-Y,AC,1,2024-09-25,10
D019,C00514,MPV-Y,Body,2,2025-02-14,6
D023,C00515,MPV-Y,Body,3,2024-08-06,9
D008,C00516,Hatch-A,AC,2,2024-11-28,8
D007,C00517,Sedan-Z,Body,1,2024-06-23,11
D034,C00518,SUV-X,AC,2,2024-04-08,5
D009,C00519,EV-E1,Other,2,2025-02-06,7
D004,C00520,MPV-Y,Electrical,2,2024-08-29,7
D025,C00521,Sedan-Z,Other,1,2024-05-12,6
D008,C00522,SUV-X,Electrical,2,2024-12-28,6
D025,C00523,EV-E1,Other,3,2024-07-12,7
D010,C00524,EV-E1,AC,1,2024-11-16,8
D038,C00525,EV-E1,Electrical,2,2024-12-30,11
D013,C00526,MPV-Y,Body,2,2024-10-21,3
D021,C00527,Sedan-Z,Other,2,2024-12-03,5
D008,C00528,EV-E1,Other,2,2024-03-27,7
D043,C00529,MPV-Y,Electrical,2,2024-11-24,13
D047,C00530,EV-E1,AC,2,2024-09-23,5
D041,C00531,SUV-X,Electrical,1,2024-09-22,2
D029,C00532,Hatch-A,AC,2,2024-03-29,4
D008,C00533,Sedan-Z,Body,2,2024-10-08,12
D026,C00534,Sedan-Z,Body,2,2024-10-28,11
D017,C00535,Hatch-A,Other,2,2025-01-11,7
D032,C00536,EV-E1,Engine,3,2024-04-05,11
D007,C00537,MPV-Y,Electrical,2,2025-01-27,9
D019,C00538,Hatch-A,Engine,3,2024-10-16,10
D031,C00539,Hatch-A,Other,3,2024-05-25,3
D023,C00540,Sedan-Z,Engine,3,2024-01-22,5
D004,C00541,Hatch-A,Other,2,2024-10-20,6
D048,C00542,Hatch-A,Brakes,1,2024-05-14,6
D019,C00543,SUV-X,Body,2,2024-08-09,8
D008,C00544,MPV-Y,AC,3,2024-03-01,10
D031,C00545,SUV-X,AC,3,2024-06-05,6
D022,C00546,MPV-Y,Brakes,3,2024-06-13,4
D044,C00547,EV-E1,Other,3,2025-01-16,8
D005,C00548,Hatch-A,Other,1,2024-11-11,5
D021,C00549,EV-E1,Other,1,2024-01-15,12
D023,C00550,MPV-Y,Other,3,2025-01-14,8
D022,C00551,MPV-Y,Engine,2,2024-07-19,11
D036,C00552,MPV-Y,Electrical,1,2024-05-05,5
D013,C00553,Hatch-A,Body,2,2024-07-19,6
D003,C00554,Hatch-A,Other,1,2024-12-02,5
D022,C00555,EV-E1,Engine,2,2024-11-17,7
D030,C00556,EV-E1,Brakes,3,2024-04-07,5
D004,C00557,Hatch-A,Electrical,1,2024-07-09,6
D027,C00558,MPV-Y,AC,1,2024-10-26,8
D013,C00559,Sedan-Z,Body,2,2024-01-08,5
D012,C00560,Hatch-A,Body,3,2025-02-05,7
D015,C00561,MPV-Y,Brakes,1,2024-05-24,10
D019,C00562,Sedan-Z,Brakes,2,2025-01-23,8
D021,C00563,Hatch-A,Brakes,3,2024-07-23,6
D018,C00564,SUV-X,Brakes,1,2024-10-03,10
D001,C00565,EV-E1,Electrical,1,2024-02-12,9
D008,C00566,SUV-X,AC,1,2024-03-09,6
D030,C00567,SUV-X,Other,3,2024-05-08,3
D039,C00568,MPV-Y,Other,2,2024-07-09,10
D044,C00569,EV-E1,Body,2,2024-09-10,5
D001,C00570,EV-E1,Engine,2,2024-04-06,7
D030,C00571,SUV-X,Engine,2,2024-10-24,9
D045,C00572,MPV-Y,Body,1,2024-12-23,5
D044,C00573,SUV-X,Electrical,2,2024-04-23,6
D041,C00574,EV-E1,Other,3,2024-12-20,11
D036,C00575,EV-E1,Other,2,2024-05-17,14
D003,C00576,SUV-X,Body,2,2024-02-02,8
D048,C00577,MPV-Y,Other,2,2025-02-10,4
D020,C00578,MPV-Y,Engine,3,2025-03-15,3
D004,C00579,EV-E1,AC,2,2024-07-21,1
D006,C00580,Hatch-A,Engine,3,2024-03-25,5
D043,C00581,Sedan-Z,Body,2,2024-12-18,8
D029,C00582,Hatch-A,Body,1,2024-08-12,6
D046,C00583,Sedan-Z,Other,1,2024-12-18,12
D048,C00584,SUV-X,Other,2,2024-09-22,8
D024,C00585,SUV-X,Other,2,2024-11-06,13
D027,C00586,EV-E1,Other,2,2024-05-25,6
D030,C00587,Sedan-Z,Engine,1,2024-08-15,9
D038,C00588,EV-E1,Engine,1,2024-05-31,5
D042,C00589,Sedan-Z,Brakes,2,2024-03-24,5
D011,C00590,SUV-X,Engine,1,2025-01-11,1
D032,C00591,Hatch-A,AC,3,2024-06-27,6
D024,C00592,Hatch-A,AC,2,2024-09-26,9
D033,C00593,SUV-X,Electrical,2,2024-04-05,1
D037,C00594,Hatch-A,Other,3,2024-11-24,3
D035,C00595,SUV-X,Other,3,2024-06-12,5
D001,C00596,SUV-X,Electrical,3,2024-06-30,8
D041,C00597,Sedan-Z,Other,3,2024-07-14,5
D039,C00598,Hatch-A,AC,2,2025-01-27,7
D037,C00599,Sedan-Z,Other,1,2024-05-08,7
D044,C00600,SUV-X,Electrical,3,2024-04-23,8
D006,C00601,Hatch-A,Electrical,2,2024-08-13,9
D013,C00602,SUV-X,Engine,3,2024-06-07,8
D048,C00603,Hatch-A,Brakes,1,2024-09-03,8
D012,C00604,Sedan-Z,Electrical,2,2024-11-19,7
D014,C00605,Sedan-Z,AC,2,2024-09-07,4
D028,C00606,Sedan-Z,Engine,3,2025-01-25,3
D045,C00607,MPV-Y,Brakes,3,2024-06-03,6
D015,C00608,MPV-Y,Other,2,2024-04-06,6
D012,C00609,Hatch-A,Engine,2,2024-10-28,10
D025,C00610,Hatch-A,Brakes,1,2024-12-13,2
D040,C00611,EV-E1,Engine,2,2025-03-09,6
D035,C00612,SUV-X,Engine,3,2024-12-29,5
D047,C00613,MPV-Y,AC,3,2024-07-13,3
D037,C00614,MPV-Y,Other,3,2024-12-21,10
D031,C00615,Sedan-Z,Engine,1,2025-01-17,3
D032,C00616,Sedan-Z,Brakes,1,2024-09-21,7
D027,C00617,MPV-Y,AC,3,2024-11-05,1
D048,C00618,MPV-Y,AC,1,2024-03-11,8
D046,C00619,MPV-Y,Body,1,2024-07-03,5
D048,C00620,Sedan-Z,Body,1,2024-04-09,8
D005,C00621,EV-E1,AC,2,2024-09-19,7
D027,C00622,SUV-X,AC,3,2024-07-10,1
D028,C00623,MPV-Y,Engine,2,2024-03-22,4
D042,C00624,Hatch-A,AC,1,2025-01-18,14
D029,C00625,SUV-X,Body,2,2024-07-29,7
D013,C00626,Hatch-A,AC,1,2024-02-06,2
D023,C00627,Hatch-A,Other,1,2024-04-26,5
D039,C00628,EV-E1,AC,1,2024-09-20,9
D018,C00629,MPV-Y,Brakes,1,2024-11-28,8
D049,C00630,Sedan-Z,Body,2,2024-05-23,5
D026,C00631,MPV-Y,Engine,1,2024-10-11,16
D038,C00632,MPV-Y,Brakes,1,2024-10-10,8
D010,C00633,EV-E1,AC,3,2024-04-28,12
D017,C00634,MPV-Y,Electrical,3,2024-08-27,5
D030,C00635,MPV-Y,Engine,3,2024-05-01,11
D042,C00636,MPV-Y,Engine,2,2025-01-20,2
D006,C00637,SUV-X,Electrical,2,2024-04-09,7
D030,C00638,Hatch-A,Body,3,2024-02-19,5
D048,C00639,MPV-Y,Engine,2,2024-05-20,10
D010,C00640,Sedan-Z,Body,1,2024-01-17,8
D034,C00641,Hatch-A,Body,1,2024-09-28,3
D043,C00642,Hatch-A,Other,3,2024-08-15,8
D014,C00643,SUV-X,Body,2,2025-01-12,7
D030,C00644,SUV-X,Electrical,3,2024-11-08,2
D012,C00645,MPV-Y,Engine,1,2024-11-14,15
D029,C00646,SUV-X,Electrical,2,2024-01-07,5
D022,C00647,SUV-X,Electrical,3,2024-10-09,4
D041,C00648,Hatch-A,Engine,2,2024-04-04,12
D005,C00649,Sedan-Z,Other,2,2024-10-28,4
D045,C00650,SUV-X,Engine,1,2024-04-12,11
D044,C00651,MPV-Y,Brakes,3,2024-05-13,10
D012,C00652,MPV-Y,AC,1,2024-12-02,8
D033,C00653,Sedan-Z,AC,2,2024-12-12,9
D048,C00654,Hatch-A,Body,3,2025-03-05,8
D044,C00655,Sedan-Z,Body,3,2024-12-14,9
D026,C00656,MPV-Y,Other,2,2024-05-29,5
D026,C00657,MPV-Y,Electrical,3,2025-03-11,7
D023,C00658,MPV-Y,Body,2,2024-02-29,7
D030,C00659,SUV-X,Electrical,3,2024-08-29,6
D011,C00660,EV-E1,Body,2,2024-10-13,7
D033,C00661,Sedan-Z,Engine,3,2024-08-27,8
D048,C00662,Hatch-A,Engine,3,2024-08-17,11
D009,C00663,Hatch-A,Other,3,2024-09-02,8
D025,C00664,Hatch-A,Other,1,2024-05-05,5
D043,C00665,EV-E1,Electrical,2,2024-08-25,5
D043,C00666,Sedan-Z,AC,2,2025-03-30,12
D010,C00667,MPV-Y,Brakes,2,2024-12-06,1
D040,C00668,Sedan-Z,Electrical,2,2024-11-08,9
D025,C00669,EV-E1,Other,1,2024-04-06,4
D030,C00670,MPV-Y,Brakes,2,2024-04-23,12
D007,C00671,Hatch-A,Brakes,3,2024-07-05,9
D020,C00672,Hatch-A,Brakes,2,2024-05-06,4
D040,C00673,Hatch-A,AC,3,2024-02-25,9
D012,C00674,SUV-X,Electrical,1,2024-11-17,9
D047,C00675,Hatch-A,Engine,1,2024-08-11,9
D036,C00676,Hatch-A,Engine,2,2024-09-17,6
D049,C00677,Hatch-A,Engine,3,2024-05-25,5
D017,C00678,Hatch-A,Other,2,2024-09-12,10
D050,C00679,EV-E1,AC,3,2024-12-03,8
D026,C00680,EV-E1,Engine,3,2025-01-06,12
D043,C00681,EV-E1,Body,3,2024-08-08,11
D014,C00682,Hatch-A,Brakes,3,2024-11-23,9
D015,C00683,EV-E1,Engine,2,2024-06-26,5
D020,C00684,Hatch-A,Brakes,3,2024-12-16,7
D038,C00685,MPV-Y,Electrical,3,2024-05-13,9
D006,C00686,Sedan-Z,Engine,2,2024-12-20,2
D018,C00687,SUV-X,Body,2,2024-07-25,9
D015,C00688,Hatch-A,Brakes,1,2024-05-01,5
D014,C00689,MPV-Y,Body,3,2024-07-02,10
D001,C00690,Hatch-A,AC,1,2024-11-04,8
D003,C00691,EV-E1,Other,2,2024-06-22,7
D006,C00692,SUV-X,AC,1,2024-04-30,14
D012,C00693,Hatch-A,Brakes,3,2024-07-09,12
D048,C00694,EV-E1,Brakes,1,2024-06-29,5
D003,C00695,Hatch-A,Brakes,3,2024-07-09,3
D019,C00696,MPV-Y,AC,2,2024-07-16,5
D029,C00697,Sedan-Z,Body,3,2024-06-14,6
D019,C00698,Sedan-Z,Body,3,2024-10-13,5
D041,C00699,Sedan-Z,Other,3,2024-11-04,5
D033,C00700,SUV-X,Engine,3,2025-02-03,10
D014,C00701,MPV-Y,Other,3,2024-07-18,5
D035,C00702,EV-E1,Brakes,1,2024-11-14,5
D036,C00703,Sedan-Z,AC,2,2024-06-01,4
D010,C00704,MPV-Y,Other,2,2024-12-15,10
D027,C00705,Hatch-A,Brakes,2,2024-10-15,7
D031,C00706,Sedan-Z,Engine,1,2025-01-22,5
D013,C00707,SUV-X,AC,3,2024-04-15,8
D025,C00708,SUV-X,Other,2,2024-12-02,4
D046,C00709,Hatch-A,Engine,1,2024-06-24,4
D025,C00710,EV-E1,Other,3,2024-07-23,6
D037,C00711,MPV-Y,Engine,1,2024-08-29,7
D019,C00712,EV-E1,Other,3,2024-07-18,5
D033,C00713,EV-E1,AC,2,2024-12-16,4
D050,C00714,SUV-X,Electrical,2,2024-07-29,5
D014,C00715,Hatch-A,Brakes,1,2024-08-28,9
D032,C00716,EV-E1,Brakes,2,2024-12-05,1
D012,C00717,SUV-X,Other,2,2025-02-06,3
D004,C00718,Hatch-A,Body,3,2025-02-09,1
D044,C00719,MPV-Y,Engine,1,2024-12-19,8
D045,C00720,MPV-Y,AC,1,2024-07-27,6
D032,C00721,EV-E1,Body,1,2024-06-12,9
D037,C00722,SUV-X,Other,1,2024-04-13,2
D040,C00723,EV-E1,Brakes,2,2024-04-24,6
D035,C00724,MPV-Y,Other,2,2024-09-06,10
D050,C00725,SUV-X,Electrical,3,2024-07-29,8
D014,C00726,Sedan-Z,Electrical,2,2024-10-31,2
D039,C00727,MPV-Y,Brakes,1,2024-07-14,1
D008,C00728,Sedan-Z,Body,1,2025-03-01,8
D020,C00729,EV-E1,Brakes,2,2024-06-27,8
D013,C00730,SUV-X,Engine,2,2024-09-10,4
D049,C00731,EV-E1,Other,3,2024-03-25,4
D005,C00732,SUV-X,Body,2,2024-02-06,11
D025,C00733,MPV-Y,Body,3,2024-05-20,2
D019,C00734,SUV-X,Brakes,1,2025-01-20,1
D030,C00735,SUV-X,AC,2,2024-08-03,10
D027,C00736,SUV-X,Body,1,2024-06-06,3
D037,C00737,SUV-X,Engine,1,2024-10-13,7
D005,C00738,SUV-X,Brakes,1,2024-06-02,6
D024,C00739,MPV-Y,AC,2,2024-05-24,7
D025,C00740,SUV-X,Brakes,2,2025-01-01,9
D044,C00741,Sedan-Z,Engine,1,2025-03-16,1
D038,C00742,SUV-X,Electrical,3,2024-08-07,2
D039,C00743,EV-E1,Electrical,1,2024-12-17,10
D037,C00744,SUV-X,AC,2,2024-06-16,7
D006,C00745,MPV-Y,Body,3,2025-01-26,8
D015,C00746,Sedan-Z,AC,3,2025-01-19,7
D001,C00747,SUV-X,Body,3,2024-05-13,11
D032,C00748,SUV-X,Brakes,1,2024-08-15,1
D005,C00749,SUV-X,Electrical,3,2024-12-29,5
D036,C00750,MPV-Y,Engine,2,2024-09-02,13
D044,C00751,EV-E1,Engine,2,2024-11-17,3
D005,C00752,EV-E1,Engine,2,2024-12-14,4
D045,C00753,MPV-Y,Body,2,2025-01-28,5
D032,C00754,MPV-Y,Body,2,2025-01-20,5
D020,C00755,MPV-Y,Other,3,2024-10-09,14
D040,C00756,Hatch-A,Electrical,2,2024-10-19,6
D030,C00757,Hatch-A,Engine,2,2024-09-22,5
D029,C00758,Sedan-Z,Engine,2,2025-01-15,10
D010,C00759,SUV-X,AC,3,2025-01-31,6
D001,C00760,Sedan-Z,Electrical,3,2024-04-17,10
D023,C00761,SUV-X,Brakes,1,2024-08-07,6
D014,C00762,MPV-Y,Electrical,1,2024-07-17,10
D030,C00763,Sedan-Z,AC,2,2024-06-08,9
D005,C00764,Hatch-A,Body,2,2024-11-21,6
D017,C00765,EV-E1,Body,1,2024-10-22,10
D035,C00766,EV-E1,Electrical,2,2024-05-03,10
D030,C00767,Hatch-A,Other,2,2024-10-16,3
D009,C00768,Sedan-Z,AC,2,2024-11-26,12
D038,C00769,EV-E1,AC,1,2024-09-20,8
D019,C00770,MPV-Y,Body,3,2024-05-06,4
D024,C00771,Hatch-A,Engine,3,2024-07-25,7
D005,C00772,EV-E1,Body,1,2024-10-14,12
D045,C00773,Hatch-A,Brakes,2,2024-12-15,7
D027,C00774,EV-E1,Other,3,2024-04-06,1
D027,C00775,Sedan-Z,AC,1,2024-12-16,7
D032,C00776,SUV-X,Engine,1,2024-02-26,11
D002,C00777,EV-E1,Brakes,1,2024-06-10,2
D007,C00778,MPV-Y,AC,3,2024-10-24,5
D042,C00779,Sedan-Z,AC,3,2024-10-20,7
D035,C00780,Sedan-Z,Engine,1,2024-03-15,6
D016,C00781,Sedan-Z,Other,2,2024-06-04,2
D036,C00782,Sedan-Z,Electrical,3,2024-09-07,9
D049,C00783,Hatch-A,Body,2,2024-04-25,5
D006,C00784,EV-E1,Other,3,2024-07-03,4
D033,C00785,SUV-X,Other,3,2024-05-19,7
D048,C00786,Hatch-A,Body,2,2024-04-15,5
D036,C00787,Sedan-Z,Other,2,2024-11-19,2
D001,C00788,Sedan-Z,AC,2,2024-07-10,10
D027,C00789,SUV-X,Engine,2,2024-10-15,6
D023,C00790,SUV-X,Electrical,3,2024-09-27,9
D048,C00791,SUV-X,Brakes,2,2024-10-16,9
D038,C00792,Hatch-A,Body,1,2025-01-24,9
D050,C00793,SUV-X,Brakes,3,2024-11-21,1
D015,C00794,EV-E1,Engine,2,2024-03-07,4
D041,C00795,Sedan-Z,Electrical,2,2024-09-11,5
D043,C00796,EV-E1,Engine,1,2024-12-30,7
D013,C00797,EV-E1,Brakes,2,2024-09-19,4
D049,C00798,Sedan-Z,Engine,3,2025-02-28,6
D036,C00799,Sedan-Z,Engine,3,2024-07-15,13
D039,C00800,Hatch-A,Body,3,2024-07-16,5
D005,C00801,Sedan-Z,Electrical,2,2024-04-21,5
D004,C00802,MPV-Y,Body,3,2024-06-20,6
D046,C00803,MPV-Y,Other,1,2025-01-29,10
D031,C00804,MPV-Y,Electrical,3,2025-02-23,12
D041,C00805,Sedan-Z,Other,1,2024-07-08,9
D029,C00806,SUV-X,Brakes,3,2024-03-15,8
D015,C00807,Sedan-Z,Electrical,3,2024-11-21,14
D030,C00808,Sedan-Z,AC,1,2024-02-22,5
D031,C00809,Sedan-Z,Electrical,1,2024-01-21,5
D037,C00810,MPV-Y,Brakes,3,2024-08-28,1
D044,C00811,EV-E1,Engine,3,2024-09-28,3
D048,C00812,Hatch-A,Other,1,2024-01-19,10
D015,C00813,MPV-Y,Engine,1,2024-08-23,7
D031,C00814,MPV-Y,Other,2,2024-02-15,8
D007,C00815,Hatch-A,Electrical,3,2024-06-18,10
D046,C00816,SUV-X,Body,3,2024-04-30,1
D017,C00817,SUV-X,AC,2,2024-12-04,14
D048,C00818,Sedan-Z,Brakes,2,2024-11-04,5
D050,C00819,EV-E1,Electrical,2,2024-06-26,8
D042,C00820,Sedan-Z,Brakes,3,2024-10-21,4
D006,C00821,EV-E1,Body,1,2024-03-28,7
D008,C00822,EV-E1,Other,3,2024-02-17,8
D002,C00823,Hatch-A,Brakes,1,2025-02-28,8
D029,C00824,Sedan-Z,Brakes,1,2025-03-15,5
D009,C00825,Sedan-Z,Body,3,2024-04-22,1
D036,C00826,SUV-X,Electrical,2,2024-08-03,10
D024,C00827,Sedan-Z,Brakes,3,2024-06-06,2
D018,C00828,MPV-Y,Other,3,2024-12-19,3
D031,C00829,Sedan-Z,AC,2,2024-10-26,8
D014,C00830,Hatch-A,Engine,3,2024-06-11,12
D011,C00831,Hatch-A,Other,1,2024-08-18,10
D042,C00832,Hatch-A,Brakes,2,2024-08-13,6
D026,C00833,SUV-X,Other,3,2024-11-17,7
D011,C00834,EV-E1,Other,2,2024-07-15,8
D042,C00835,Sedan-Z,AC,3,2024-09-20,11
D022,C00836,Hatch-A,Other,1,2024-07-15,6
D039,C00837,SUV-X,Brakes,3,2024-12-27,5
D001,C00838,EV-E1,Electrical,3,2024-10-31,8
D049,C00839,EV-E1,Brakes,1,2024-06-27,6
D007,C00840,Hatch-A,Other,3,2024-05-05,7
D045,C00841,MPV-Y,Other,3,2024-08-04,9
D025,C00842,MPV-Y,Body,1,2024-10-26,10
D030,C00843,MPV-Y,Other,3,2024-05-31,11
D023,C00844,EV-E1,Electrical,3,2024-08-13,3
D008,C00845,SUV-X,Brakes,1,2024-09-05,4
D008,C00846,Sedan-Z,Brakes,2,2024-01-22,5
D022,C00847,SUV-X,AC,1,2024-08-02,8
D032,C00848,MPV-Y,Brakes,2,2024-04-22,11
D012,C00849,Sedan-Z,AC,1,2024-05-25,8
D026,C00850,EV-E1,AC,1,2024-05-17,4
D022,C00851,Sedan-Z,Engine,2,2024-04-26,3
D039,C00852,EV-E1,Engine,3,2024-06-02,5
D032,C00853,EV-E1,Body,3,2024-12-07,5
D050,C00854,Sedan-Z,Body,1,2024-05-17,11
D047,C00855,SUV-X,Other,2,2024-02-06,6
D009,C00856,EV-E1,Body,1,2024-11-21,8
D008,C00857,SUV-X,Body,2,2024-09-06,9
D035,C00858,MPV-Y,AC,1,2024-06-08,2
D032,C00859,MPV-Y,AC,3,2024-07-04,4
D035,C00860,SUV-X,Body,1,2024-09-05,4
D034,C00861,Hatch-A,Other,2,2025-02-23,10
D041,C00862,Sedan-Z,Engine,2,2024-06-29,4
D015,C00863,Sedan-Z,Brakes,3,2025-01-20,1
D032,C00864,EV-E1,Other,1,2024-09-20,6
D025,C00865,Sedan-Z,Electrical,3,2024-01-20,6
D037,C00866,MPV-Y,Brakes,3,2024-02-21,11
D026,C00867,MPV-Y,Electrical,1,2024-04-02,3
D039,C00868,SUV-X,Body,1,2024-01-12,9
D034,C00869,Sedan-Z,Brakes,2,2024-11-15,5
D006,C00870,MPV-Y,AC,2,2024-07-02,4
D049,C00871,Sedan-Z,Other,3,2024-05-16,6
D027,C00872,SUV-X,Electrical,2,2024-05-18,10
D047,C00873,MPV-Y,Brakes,2,2024-05-11,1
D024,C00874,EV-E1,Body,3,2025-02-10,4
D003,C00875,SUV-X,Electrical,1,2024-05-27,5
D040,C00876,Hatch-A,AC,3,2024-11-18,6
D010,C00877,SUV-X,AC,2,2024-08-19,3
D021,C00878,Hatch-A,Engine,3,2025-01-01,14
D021,C00879,Hatch-A,Electrical,2,2024-03-06,8
D020,C00880,Hatch-A,Body,1,2024-05-27,8
D021,C00881,Hatch-A,Other,3,2024-10-16,10
D028,C00882,SUV-X,Engine,2,2025-02-28,10
D037,C00883,EV-E1,Engine,1,2024-01-09,5
D014,C00884,SUV-X,Brakes,2,2024-08-04,10
D027,C00885,MPV-Y,Body,1,2024-06-20,11
D014,C00886,SUV-X,Electrical,1,2024-09-24,7
D027,C00887,SUV-X,AC,2,2024-04-19,7
D027,C00888,MPV-Y,Brakes,1,2024-02-08,9
D005,C00889,SUV-X,Electrical,1,2024-06-28,4
D042,C00890,SUV-X,Electrical,3,2024-06-11,5
D036,C00891,SUV-X,Brakes,1,2024-07-05,3
D048,C00892,EV-E1,Electrical,1,2024-06-04,8
D025,C00893,EV-E1,Brakes,1,2024-03-07,8
D048,C00894,Sedan-Z,Engine,2,2024-05-12,3
D017,C00895,Hatch-A,Engine,3,2024-03-28,9
D029,C00896,Hatch-A,Other,2,2024-08-15,7
D003,C00897,SUV-X,AC,1,2024-07-23,2
D046,C00898,MPV-Y,Engine,2,2024-10-26,1
D014,C00899,Sedan-Z,Electrical,3,2024-10-27,8
D014,C00900,MPV-Y,AC,3,2025-02-01,4
D037,C00901,Hatch-A,Electrical,2,2024-06-15,8
D008,C00902,Hatch-A,Body,1,2024-06-27,10
D013,C00903,Hatch-A,Engine,1,2024-12-30,7
D045,C00904,SUV-X,Brakes,1,2024-11-18,6
D033,C00905,Sedan-Z,AC,3,2024-12-16,9
D018,C00906,EV-E1,Other,3,2024-12-07,6
D038,C00907,SUV-X,Body,2,2024-12-13,6
D002,C00908,Hatch-A,Engine,2,2024-05-05,4
D023,C00909,MPV-Y,AC,2,2025-01-14,7
D049,C00910,Sedan-Z,Engine,1,2025-01-06,5
D007,C00911,EV-E1,AC,2,2024-05-28,10
D045,C00912,Sedan-Z,Other,3,2024-09-16,5
D017,C00913,Hatch-A,Electrical,1,2024-05-10,4
D020,C00914,EV-E1,Engine,2,2024-11-21,3
D006,C00915,EV-E1,Body,3,2024-03-09,4
D046,C00916,Hatch-A,Engine,3,2024-10-30,3
D020,C00917,Sedan-Z,Body,3,2025-01-12,9
D031,C00918,MPV-Y,AC,3,2025-01-18,8
D040,C00919,Sedan-Z,AC,2,2024-03-21,7
D039,C00920,Sedan-Z,Electrical,1,2024-03-10,13
D006,C00921,SUV-X,Body,2,2024-11-02,8
D044,C00922,EV-E1,AC,3,2024-12-31,5
D021,C00923,Sedan-Z,Electrical,1,2024-04-26,1
D015,C00924,Sedan-Z,Other,3,2024-06-20,9
D014,C00925,Sedan-Z,Engine,3,2024-11-27,9
D002,C00926,Hatch-A,Brakes,1,2024-05-08,8
D040,C00927,Sedan-Z,Body,3,2024-02-09,8
D023,C00928,MPV-Y,Body,3,2025-02-27,8
D028,C00929,MPV-Y,Body,1,2024-04-13,5
D046,C00930,SUV-X,Electrical,2,2024-12-25,7
D050,C00931,SUV-X,Engine,3,2024-06-03,10
D003,C00932,Sedan-Z,Electrical,2,2024-06-21,11
D016,C00933,MPV-Y,Brakes,3,2025-01-22,2
D028,C00934,SUV-X,Engine,2,2024-11-11,3
D047,C00935,Hatch-A,Engine,2,2024-10-31,10
D015,C00936,MPV-Y,AC,3,2025-01-17,9
D011,C00937,EV-E1,Other,3,2024-01-23,5
D019,C00938,Sedan-Z,Engine,3,2024-08-25,12
D049,C00939,SUV-X,Other,2,2024-10-05,7
D033,C00940,Sedan-Z,AC,1,2024-09-07,1
D046,C00941,MPV-Y,Brakes,3,2025-02-02,5
D049,C00942,Hatch-A,Brakes,3,2024-05-09,4
D035,C00943,MPV-Y,AC,3,2024-06-08,7
D034,C00944,Sedan-Z,Electrical,3,2024-04-30,13
D022,C00945,Hatch-A,Electrical,3,2024-04-23,7
D040,C00946,MPV-Y,AC,1,2024-11-24,9
D050,C00947,Hatch-A,Engine,3,2024-12-10,7
D022,C00948,Sedan-Z,Electrical,1,2025-02-23,4
D006,C00949,Hatch-A,Brakes,1,2024-12-31,6
D021,C00950,Sedan-Z,Engine,1,2024-08-09,9
D028,C00951,SUV-X,Engine,2,2024-06-28,7
D020,C00952,Hatch-A,Brakes,3,2024-08-06,2
D002,C00953,EV-E1,Electrical,3,2024-07-21,9
D043,C00954,Hatch-A,Electrical,2,2024-11-24,7
D019,C00955,SUV-X,Engine,3,2024-10-09,10
D029,C00956,SUV-X,AC,2,2024-05-19,1
D044,C00957,Sedan-Z,Brakes,1,2024-05-06,12
D030,C00958,SUV-X,Other,2,2024-06-19,5
D008,C00959,Hatch-A,Brakes,1,2024-03-22,6
D025,C00960,EV-E1,Brakes,2,2024-06-10,1
D041,C00961,Hatch-A,Electrical,3,2024-06-28,5
D035,C00962,SUV-X,Electrical,2,2024-02-08,6
D019,C00963,Sedan-Z,Brakes,1,2024-11-03,12
D034,C00964,MPV-Y,Electrical,3,2024-09-19,4
D035,C00965,SUV-X,Electrical,2,2024-07-13,7
D039,C00966,MPV-Y,Body,2,2024-08-18,4
D027,C00967,SUV-X,Engine,3,2024-08-28,8
D017,C00968,MPV-Y,Electrical,1,2024-04-06,7
D024,C00969,SUV-X,Electrical,3,2024-03-16,9
D028,C00970,MPV-Y,AC,3,2024-04-08,6
D015,C00971,SUV-X,Brakes,2,2024-03-12,2
D015,C00972,Sedan-Z,Engine,1,2024-02-18,9
D015,C00973,SUV-X,Brakes,3,2024-05-05,12
D006,C00974,Sedan-Z,Brakes,2,2024-05-11,14
D014,C00975,MPV-Y,Electrical,3,2024-02-21,5
D045,C00976,EV-E1,Other,2,2024-08-01,7
D046,C00977,Hatch-A,AC,3,2024-03-11,9
D007,C00978,Sedan-Z,Electrical,2,2024-11-08,6
D041,C00979,MPV-Y,Electrical,1,2024-08-11,6
D032,C00980,Hatch-A,Other,2,2024-09-13,7
D031,C00981,MPV-Y,Body,2,2024-10-04,2
D016,C00982,EV-E1,Brakes,3,2024-03-12,5
D043,C00983,Sedan-Z,Engine,1,2025-02-17,5
D001,C00984,EV-E1,Other,3,2024-07-14,3
D022,C00985,Hatch-A,Electrical,2,2025-02-02,13
D020,C00986,Sedan-Z,Body,3,2024-08-18,10
D023,C00987,MPV-Y,Other,1,2024-07-30,8
D024,C00988,MPV-Y,Engine,1,2024-03-09,9
D050,C00989,SUV-X,Body,3,2024-08-27,1
D047,C00990,EV-E1,Electrical,1,2024-09-04,6
D032,C00991,EV-E1,AC,1,2024-06-18,5
D020,C00992,SUV-X,AC,3,2024-03-08,10
D034,C00993,EV-E1,Brakes,2,2024-01-17,9
D001,C00994,MPV-Y,Electrical,3,2025-03-07,7
D009,C00995,EV-E1,Engine,3,2024-04-13,9
D006,C00996,Sedan-Z,AC,3,2024-10-17,9
D009,C00997,SUV-X,Electrical,2,2024-06-20,7
D022,C00998,EV-E1,Brakes,2,2024-02-19,4
D038,C00999,MPV-Y,Engine,3,2024-09-20,2
D010,C01000,Sedan-Z,AC,3,2024-12-16,5
D020,C01001,Hatch-A,Brakes,2,2025-03-13,4
D007,C01002,EV-E1,Brakes,3,2024-02-09,6
D043,C01003,EV-E1,Brakes,1,2024-12-18,9
D033,C01004,MPV-Y,Engine,1,2024-07-09,7
D039,C01005,SUV-X,Other,1,2024-04-25,8
D044,C01006,Hatch-A,Electrical,3,2024-12-29,1
D014,C01007,Sedan-Z,Electrical,3,2024-04-07,7
D027,C01008,EV-E1,Engine,2,2024-12-24,4
D028,C01009,MPV-Y,Brakes,3,2024-04-03,1
D008,C01010,EV-E1,Electrical,1,2024-06-17,3
D025,C01011,MPV-Y,Body,2,2024-05-14,4
D001,C01012,Hatch-A,Other,2,2024-12-16,9
D047,C01013,Sedan-Z,AC,1,2024-08-08,3
D034,C01014,MPV-Y,AC,1,2024-12-26,6
D029,C01015,Hatch-A,Electrical,1,2024-11-27,3
D024,C01016,Hatch-A,Other,2,2024-12-15,8
D028,C01017,EV-E1,Engine,3,2024-07-09,1
D041,C01018,Sedan-Z,Brakes,3,2024-12-10,7
D026,C01019,Hatch-A,Brakes,3,2024-06-02,5
D029,C01020,EV-E1,Engine,3,2024-09-17,8
D041,C01021,SUV-X,Body,2,2024-06-19,8
D001,C01022,EV-E1,Brakes,1,2025-03-18,7
D032,C01023,Hatch-A,Other,3,2024-10-19,5
D022,C01024,EV-E1,Other,3,2024-01-12,4
D044,C01025,MPV-Y,AC,2,2024-07-19,5
D007,C01026,MPV-Y,Body,1,2024-05-15,3
D045,C01027,Hatch-A,Engine,1,2024-03-14,1
D034,C01028,Sedan-Z,AC,1,2024-04-26,7
D004,C01029,EV-E1,Electrical,1,2024-08-08,2
D014,C01030,MPV-Y,Brakes,3,2024-05-15,8
D011,C01031,SUV-X,Body,2,2024-09-17,2
D029,C01032,MPV-Y,Electrical,3,2024-08-25,8
D002,C01033,EV-E1,AC,3,2024-06-29,6
D041,C01034,Hatch-A,Engine,1,2024-10-10,8
D009,C01035,SUV-X,Brakes,2,2024-12-01,7
D019,C01036,SUV-X,Other,3,2024-09-20,5
D015,C01037,Sedan-Z,Electrical,3,2024-11-14,6
D018,C01038,Sedan-Z,Electrical,2,2024-05-28,5
D043,C01039,Hatch-A,Body,1,2024-04-22,7
D032,C01040,Sedan-Z,AC,2,2025-02-28,7
D006,C01041,Hatch-A,Other,1,2024-09-03,1
D004,C01042,MPV-Y,Electrical,2,2024-07-20,3
D050,C01043,EV-E1,Other,3,2024-03-11,6
D019,C01044,Hatch-A,Brakes,1,2024-05-18,5
D009,C01045,Sedan-Z,Body,3,2024-05-03,5
D046,C01046,MPV-Y,Body,1,2024-09-03,2
D022,C01047,SUV-X,AC,2,2024-03-16,5
D050,C01048,EV-E1,Body,1,2024-03-13,9
D018,C01049,Sedan-Z,Engine,3,2024-09-10,4
D039,C01050,Sedan-Z,AC,2,2025-01-01,8
D022,C01051,SUV-X,AC,1,2024-01-13,7
D015,C01052,Hatch-A,Brakes,3,2024-04-05,8
D031,C01053,MPV-Y,AC,2,2025-01-21,10
D048,C01054,Hatch-A,Body,2,2024-05-25,4
D025,C01055,Sedan-Z,Engine,2,2024-09-18,7
D041,C01056,MPV-Y,AC,3,2024-08-03,4
D005,C01057,Hatch-A,Body,2,2024-06-25,1
D012,C01058,Hatch-A,AC,3,2024-01-11,8
D021,C01059,Hatch-A,Brakes,3,2024-12-16,9
D038,C01060,Hatch-A,Body,1,2024-12-11,4
D043,C01061,Hatch-A,Body,3,2024-07-21,8
D020,C01062,EV-E1,AC,3,2024-04-16,12
D018,C01063,SUV-X,Body,1,2024-06-16,8
D047,C01064,Hatch-A,AC,3,2024-05-26,7
D032,C01065,Sedan-Z,Body,3,2024-10-10,8
D001,C01066,SUV-X,Body,2,2024-09-06,8
D014,C01067,Hatch-A,Body,1,2024-03-28,1
D030,C01068,Sedan-Z,Engine,1,2024-05-24,3
D045,C01069,SUV-X,Engine,3,2024-02-20,8
D012,C01070,Hatch-A,Body,2,2024-08-26,5
D037,C01071,Hatch-A,Other,1,2024-10-25,9
D034,C01072,Sedan-Z,Body,2,2024-04-14,2
D037,C01073,Hatch-A,Body,3,2024-04-06,14
D013,C01074,Sedan-Z,Engine,2,2024-10-26,10
D047,C01075,EV-E1,Other,3,2024-06-22,7
D014,C01076,Sedan-Z,Brakes,3,2025-03-11,12
D029,C01077,SUV-X,Brakes,2,2024-05-21,14
D012,C01078,Hatch-A,AC,3,2024-10-23,8
D002,C01079,SUV-X,Electrical,2,2024-11-02,7
D013,C01080,SUV-X,Electrical,1,2024-07-28,6
D043,C01081,MPV-Y,Other,1,2024-06-26,8
D012,C01082,Sedan-Z,AC,2,2024-09-21,10
D046,C01083,EV-E1,Electrical,2,2024-10-07,4
D021,C01084,EV-E1,Electrical,1,2024-07-25,1
D030,C01085,EV-E1,Brakes,3,2024-04-10,6
D043,C01086,SUV-X,AC,2,2024-04-09,6
D039,C01087,MPV-Y,Other,2,2024-12-04,9
D029,C01088,SUV-X,Other,2,2024-08-18,4
D001,C01089,Hatch-A,Electrical,1,2024-02-26,13
D039,C01090,Sedan-Z,Brakes,3,2024-03-23,7
D039,C01091,EV-E1,Body,1,2024-05-31,5
D034,C01092,SUV-X,Brakes,1,2024-05-22,9
D001,C01093,Sedan-Z,Electrical,1,2024-07-20,6
D009,C01094,EV-E1,Brakes,2,2024-10-18,5
D043,C01095,MPV-Y,AC,1,2024-06-07,9
D023,C01096,EV-E1,Engine,1,2024-10-26,10
D014,C01097,Hatch-A,Brakes,2,2024-03-04,6
D009,C01098,Sedan-Z,Body,2,2024-10-07,7
D015,C01099,MPV-Y,AC,1,2024-12-30,6
D029,C01100,Hatch-A,Brakes,3,2025-01-14,8
D031,C01101,Sedan-Z,Other,2,2024-06-01,5
D008,C01102,Hatch-A,AC,1,2024-05-27,7
D045,C01103,EV-E1,Electrical,3,2024-03-30,6
D034,C01104,Hatch-A,Electrical,2,2024-08-16,3
D044,C01105,EV-E1,Brakes,2,2024-03-23,4
D023,C01106,SUV-X,Engine,1,2024-10-02,3
D015,C01107,EV-E1,Electrical,3,2024-05-08,7
D013,C01108,Sedan-Z,Electrical,1,2024-11-29,4
D004,C01109,SUV-X,AC,3,2024-11-16,7
D041,C01110,SUV-X,Brakes,1,2024-12-21,13
D005,C01111,Hatch-A,Engine,2,2024-01-11,4
D024,C01112,Hatch-A,Electrical,3,2024-04-07,9
D044,C01113,Hatch-A,Other,3,2025-01-10,1
D018,C01114,Sedan-Z,Electrical,2,2024-08-06,9
D011,C01115,SUV-X,Body,1,2024-05-22,4
D036,C01116,Hatch-A,Engine,2,2025-01-22,7
D036,C01117,SUV-X,AC,2,2024-05-19,5
D027,C01118,Hatch-A,Other,2,2025-01-18,9
D027,C01119,Sedan-Z,Electrical,2,2025-01-17,8
D042,C01120,EV-E1,Engine,2,2024-05-22,5
D035,C01121,MPV-Y,Engine,3,2024-07-03,6
D036,C01122,MPV-Y,Body,1,2025-02-20,8
D004,C01123,SUV-X,Brakes,3,2024-04-27,1
D042,C01124,Hatch-A,Brakes,1,2024-10-28,7
D008,C01125,EV-E1,Electrical,3,2024-04-17,6
D049,C01126,MPV-Y,Electrical,3,2024-10-11,1
D045,C01127,Hatch-A,Brakes,3,2025-01-05,7
D037,C01128,Hatch-A,Other,3,2024-08-06,8
D005,C01129,Sedan-Z,Engine,1,2024-11-28,7
D043,C01130,SUV-X,Engine,2,2024-04-16,9
D015,C01131,SUV-X,Brakes,2,2024-12-11,6
D021,C01132,Hatch-A,Body,2,2024-12-06,7
D006,C01133,MPV-Y,AC,1,2024-10-12,1
D035,C01134,SUV-X,Body,3,2024-04-03,1
D029,C01135,SUV-X,Electrical,3,2024-10-11,6
D020,C01136,MPV-Y,Engine,1,2024-09-24,5
D049,C01137,Sedan-Z,Engine,1,2024-02-06,4
D025,C01138,Hatch-A,Other,2,2024-09-25,1
D011,C01139,Sedan-Z,Electrical,3,2024-08-19,1
D022,C01140,MPV-Y,Electrical,1,2024-05-27,4
D040,C01141,Hatch-A,Body,3,2024-04-25,8
D041,C01142,Hatch-A,AC,2,2024-12-22,11
D024,C01143,EV-E1,Body,2,2024-06-16,1
D010,C01144,MPV-Y,AC,2,2024-11-07,2
D046,C01145,MPV-Y,Body,3,2024-04-26,11
D001,C01146,SUV-X,Brakes,3,2024-06-05,3
D002,C01147,Sedan-Z,Brakes,3,2024-07-28,10
D008,C01148,SUV-X,Body,3,2025-01-06,7
D031,C01149,Sedan-Z,Electrical,3,2024-11-03,3
D041,C01150,Hatch-A,Body,2,2024-07-12,8
D028,C01151,SUV-X,Electrical,1,2024-07-14,8
D032,C01152,Hatch-A,Brakes,2,2024-06-07,7
D030,C01153,Hatch-A,Other,1,2024-06-24,9
D044,C01154,SUV-X,Electrical,3,2024-06-01,6
D021,C01155,EV-E1,Brakes,3,2024-03-11,14
D015,C01156,MPV-Y,Other,3,2024-08-26,6
D039,C01157,MPV-Y,Engine,3,2024-09-10,7
D047,C01158,Hatch-A,Electrical,2,2024-07-02,13
D035,C01159,Hatch-A,Other,3,2024-05-20,1
D023,C01160,Hatch-A,Body,1,2025-02-08,4
D039,C01161,Hatch-A,Other,1,2024-07-10,5
D007,C01162,SUV-X,Body,2,2024-11-13,12
D041,C01163,EV-E1,AC,3,2024-12-27,6
D019,C01164,SUV-X,Other,3,2024-08-15,5
D029,C01165,MPV-Y,Body,2,2024-07-27,2
D011,C01166,SUV-X,AC,3,2025-01-11,9
D004,C01167,Hatch-A,AC,1,2024-11-06,2
D008,C01168,Sedan-Z,Body,3,2024-09-16,8
D036,C01169,Sedan-Z,Engine,1,2024-04-29,8
D038,C01170,EV-E1,Engine,2,2025-02-15,7
D040,C01171,EV-E1,Brakes,2,2024-04-27,7
D015,C01172,Sedan-Z,AC,2,2024-04-05,6
D016,C01173,SUV-X,Other,1,2025-02-01,2
D019,C01174,SUV-X,Electrical,3,2024-07-18,4
D046,C01175,MPV-Y,Body,2,2025-02-02,3
D023,C01176,MPV-Y,Other,3,2025-03-28,8
D017,C01177,Sedan-Z,Engine,3,2024-06-02,4
D004,C01178,SUV-X,AC,3,2024-12-08,6
D050,C01179,Sedan-Z,AC,3,2024-08-26,4
D035,C01180,Sedan-Z,Brakes,3,2024-03-20,9
D010,C01181,SUV-X,Electrical,3,2024-07-10,7
D044,C01182,Hatch-A,Electrical,2,2025-02-24,2
D036,C01183,EV-E1,AC,2,2024-07-19,5
D035,C01184,Sedan-Z,Body,2,2024-11-29,12
D047,C01185,EV-E1,Body,2,2024-04-08,8
D011,C01186,EV-E1,Other,3,2024-03-14,7
D014,C01187,MPV-Y,Other,3,2024-04-12,3
D029,C01188,SUV-X,Other,2,2025-02-07,6
D046,C01189,Hatch-A,Body,2,2024-04-25,6
D028,C01190,Sedan-Z,AC,1,2024-03-27,5
D028,C01191,SUV-X,Brakes,3,2024-05-14,9
D042,C01192,Hatch-A,Brakes,1,2024-04-01,4
D049,C01193,SUV-X,Brakes,2,2024-10-23,3
D032,C01194,EV-E1,Other,1,2024-07-09,6
D025,C01195,EV-E1,Other,3,2024-09-09,9
D015,C01196,Sedan-Z,Electrical,2,2024-06-08,10
D018,C01197,MPV-Y,Electrical,2,2024-10-11,10
D013,C01198,MPV-Y,Body,3,2024-08-14,7
D001,C01199,MPV-Y,Brakes,2,2024-09-26,5
D009,C01200,Sedan-Z,Engine,3,2024-11-24,11
D027,C01201,SUV-X,Other,3,2024-06-07,15
D020,C01202,Sedan-Z,Electrical,2,2024-05-08,6
D008,C01203,MPV-Y,Brakes,1,2024-05-06,8
D006,C01204,Sedan-Z,Brakes,1,2024-09-09,6
D010,C01205,Sedan-Z,Brakes,3,2024-08-27,6
D049,C01206,Hatch-A,Engine,2,2024-03-05,10
D002,C01207,SUV-X,Electrical,3,2025-01-18,10
D008,C01208,Sedan-Z,Brakes,3,2024-05-20,4
D040,C01209,EV-E1,Electrical,1,2024-09-08,4
D030,C01210,MPV-Y,AC,3,2024-08-17,2
D030,C01211,Sedan-Z,Brakes,3,2024-12-22,2
D047,C01212,Sedan-Z,Other,2,2024-12-20,2
D006,C01213,EV-E1,AC,1,2024-11-22,7
D008,C01214,Sedan-Z,Body,3,2025-03-23,4
D016,C01215,SUV-X,Body,1,2024-05-20,6
D010,C01216,SUV-X,AC,1,2024-09-10,10
D022,C01217,Sedan-Z,Other,3,2024-03-07,11
D049,C01218,EV-E1,AC,3,2024-06-11,8
D028,C01219,EV-E1,AC,1,2024-05-20,6
D047,C01220,MPV-Y,Engine,2,2024-10-24,9
D038,C01221,SUV-X,Brakes,3,2024-07-08,7
D039,C01222,SUV-X,Electrical,1,2025-02-18,4
D015,C01223,SUV-X,Other,1,2024-11-08,10
D010,C01224,Hatch-A,Engine,3,2024-10-03,7
D037,C01225,SUV-X,AC,2,2024-11-04,9
D042,C01226,SUV-X,Other,2,2024-11-21,3
D007,C01227,SUV-X,Electrical,3,2024-04-08,5
D014,C01228,Sedan-Z,AC,2,2025-01-04,6
D043,C01229,MPV-Y,Brakes,2,2024-07-15,10
D043,C01230,EV-E1,Other,1,2024-12-29,11
D027,C01231,Hatch-A,Engine,3,2024-07-25,4
D013,C01232,EV-E1,Body,1,2024-06-07,9
D037,C01233,SUV-X,Body,3,2024-07-21,3
D013,C01234,Hatch-A,Other,1,2024-05-07,8
D006,C01235,Sedan-Z,AC,2,2025-02-14,1
D009,C01236,SUV-X,AC,1,2024-04-07,3
D047,C01237,EV-E1,Electrical,2,2024-04-13,2
D006,C01238,Hatch-A,AC,3,2024-05-15,7
D003,C01239,Hatch-A,Brakes,1,2024-04-02,5
D012,C01240,Hatch-A,Engine,2,2025-01-28,10
D050,C01241,EV-E1,Body,3,2024-11-24,9
D014,C01242,Sedan-Z,Engine,2,2024-07-03,5
D017,C01243,MPV-Y,Brakes,2,2024-04-13,11
D050,C01244,Sedan-Z,Other,3,2024-08-26,6
D025,C01245,Hatch-A,Body,2,2024-07-29,6
D012,C01246,MPV-Y,AC,3,2024-06-14,7
D042,C01247,MPV-Y,Electrical,2,2024-10-09,7
D038,C01248,Sedan-Z,AC,1,2024-02-21,5
D018,C01249,MPV-Y,Brakes,1,2024-11-21,8
D011,C01250,EV-E1,Other,2,2024-06-10,5
D022,C01251,Sedan-Z,Other,2,2025-01-23,10
D016,C01252,MPV-Y,Other,1,2025-02-05,6
D043,C01253,Hatch-A,Engine,3,2024-12-16,8
D010,C01254,SUV-X,Brakes,2,2024-09-10,13
D010,C01255,SUV-X,Body,3,2025-01-19,1
D048,C01256,SUV-X,AC,1,2024-07-28,4
D041,C01257,Hatch-A,Body,3,2024-02-16,5
D001,C01258,MPV-Y,Electrical,2,2024-09-20,10
D036,C01259,MPV-Y,Body,2,2024-05-21,1
D006,C01260,SUV-X,Engine,2,2025-03-29,10
D017,C01261,EV-E1,Other,1,2024-06-15,8
D022,C01262,MPV-Y,AC,1,2024-12-29,7
D015,C01263,Sedan-Z,Electrical,2,2024-06-06,4
D025,C01264,Sedan-Z,AC,1,2024-10-05,1
D036,C01265,EV-E1,Brakes,2,2024-07-24,4
D048,C01266,SUV-X,AC,2,2024-04-21,3
D006,C01267,Hatch-A,Brakes,2,2024-07-31,2
D037,C01268,Sedan-Z,Brakes,3,2024-11-16,3
D042,C01269,Sedan-Z,Other,3,2024-05-12,3
D016,C01270,SUV-X,Engine,2,2024-01-07,3
D016,C01271,SUV-X,Other,2,2024-06-04,5
D007,C01272,EV-E1,Other,1,2024-06-25,5
D041,C01273,Hatch-A,Engine,3,2024-02-15,7
D040,C01274,EV-E1,Engine,2,2024-07-02,10
D013,C01275,Sedan-Z,Brakes,1,2024-08-16,2
D001,C01276,EV-E1,Electrical,3,2024-05-18,11
D029,C01277,Hatch-A,Body,3,2024-04-10,1
D012,C01278,SUV-X,Brakes,3,2024-10-07,7
D033,C01279,Sedan-Z,Engine,3,2024-04-24,8
D016,C01280,MPV-Y,Brakes,2,2024-08-24,6
D005,C01281,SUV-X,Body,1,2024-11-27,2
D033,C01282,Hatch-A,AC,1,2024-05-16,7
D039,C01283,EV-E1,Electrical,1,2024-06-06,3
D038,C01284,SUV-X,Electrical,3,2024-05-18,7
D050,C01285,Sedan-Z,Body,2,2024-02-03,7
D029,C01286,Sedan-Z,Electrical,3,2025-01-28,4
D006,C01287,Sedan-Z,Body,2,2025-02-25,5
D047,C01288,Sedan-Z,Body,3,2024-10-11,9
D019,C01289,EV-E1,AC,1,2024-07-22,8
D006,C01290,Hatch-A,Other,3,2024-04-06,6
D021,C01291,Hatch-A,Engine,3,2024-12-14,6
D010,C01292,SUV-X,Electrical,3,2024-11-13,1
D009,C01293,Hatch-A,Other,2,2024-09-25,8
D024,C01294,SUV-X,Engine,3,2024-04-20,3
D046,C01295,SUV-X,Engine,1,2024-11-19,6
D043,C01296,Sedan-Z,Body,3,2024-06-16,3
D034,C01297,EV-E1,AC,3,2024-04-30,3
D050,C01298,Hatch-A,Body,1,2024-07-25,11
D025,C01299,Sedan-Z,AC,2,2024-08-15,2
D047,C01300,Sedan-Z,Body,2,2024-03-11,13
D005,C01301,SUV-X,Engine,3,2024-04-22,7
D034,C01302,SUV-X,AC,3,2024-06-10,5
D033,C01303,EV-E1,Body,2,2024-11-12,9
D012,C01304,MPV-Y,Engine,3,2024-11-06,7
D026,C01305,Sedan-Z,Electrical,1,2024-07-24,10
D008,C01306,Sedan-Z,Electrical,1,2024-02-15,5
D008,C01307,MPV-Y,Body,2,2024-08-03,6
D040,C01308,SUV-X,Electrical,3,2025-02-18,6
D009,C01309,Sedan-Z,Engine,3,2024-06-07,11
D005,C01310,MPV-Y,Electrical,3,2024-02-11,13
D016,C01311,SUV-X,Brakes,3,2024-12-23,12
D034,C01312,MPV-Y,Engine,2,2025-01-05,6
D022,C01313,Hatch-A,Brakes,1,2024-09-18,4
D039,C01314,Hatch-A,Other,1,2025-01-30,7
D012,C01315,Hatch-A,Body,1,2024-10-03,13
D007,C01316,SUV-X,Engine,2,2024-01-22,5
D040,C01317,MPV-Y,Brakes,3,2025-02-12,4
D012,C01318,EV-E1,Engine,3,2024-11-19,7
D018,C01319,Hatch-A,Engine,1,2024-06-05,7
D008,C01320,Sedan-Z,Electrical,1,2024-06-24,2
D041,C01321,Hatch-A,Brakes,2,2024-09-15,8
D006,C01322,EV-E1,AC,1,2024-08-13,6
D044,C01323,EV-E1,Other,3,2024-11-28,7
D012,C01324,Sedan-Z,Other,2,2024-12-02,5
D024,C01325,SUV-X,Brakes,2,2024-05-06,5
D015,C01326,MPV-Y,Electrical,2,2024-03-13,9
D044,C01327,Sedan-Z,Electrical,1,2024-10-30,4
D041,C01328,EV-E1,Other,3,2024-06-23,4
D030,C01329,Hatch-A,Body,1,2024-11-21,5
D050,C01330,Sedan-Z,Other,2,2024-04-19,6
D043,C01331,Sedan-Z,Engine,1,2024-01-11,5
D028,C01332,EV-E1,Body,2,2025-01-19,7
D044,C01333,Sedan-Z,Body,1,2024-03-26,11
D046,C01334,MPV-Y,Other,1,2024-03-08,4
D008,C01335,Hatch-A,Engine,1,2025-01-13,5
D014,C01336,Hatch-A,Brakes,2,2024-07-11,6
D043,C01337,Sedan-Z,Other,3,2024-03-31,8
D036,C01338,MPV-Y,Body,2,2024-03-16,9
D041,C01339,EV-E1,Body,2,2024-10-05,3
D033,C01340,MPV-Y,AC,1,2025-01-22,1
D013,C01341,MPV-Y,Electrical,2,2024-03-09,6
D023,C01342,Sedan-Z,AC,2,2024-12-11,7
D025,C01343,Sedan-Z,AC,3,2024-11-28,8
D018,C01344,Sedan-Z,Engine,1,2024-04-02,9
D040,C01345,Hatch-A,Other,2,2024-05-19,11
D002,C01346,MPV-Y,Body,1,2025-02-22,7
D048,C01347,SUV-X,AC,1,2024-08-24,6
D004,C01348,MPV-Y,Engine,1,2024-12-25,11
D028,C01349,Hatch-A,Body,1,2025-03-25,3
D014,C01350,Sedan-Z,Electrical,3,2024-08-10,5
D022,C01351,Sedan-Z,Other,3,2024-12-05,11
D030,C01352,Sedan-Z,Engine,1,2024-09-25,6
D020,C01353,Sedan-Z,Other,1,2024-11-13,1
D005,C01354,Hatch-A,Electrical,2,2024-02-24,5
D024,C01355,MPV-Y,AC,3,2024-12-02,12
D006,C01356,SUV-X,AC,1,2025-01-11,3
D023,C01357,EV-E1,AC,3,2024-05-14,10
D037,C01358,EV-E1,Brakes,1,2025-03-19,10
D037,C01359,SUV-X,Other,3,2024-09-02,12
D017,C01360,SUV-X,Brakes,3,2024-04-15,6
D014,C01361,Hatch-A,Body,3,2025-01-08,8
D003,C01362,Hatch-A,Brakes,1,2024-03-28,7
D020,C01363,Hatch-A,Brakes,1,2025-02-11,3
D032,C01364,Hatch-A,Other,3,2024-04-25,11
D024,C01365,SUV-X,AC,2,2024-12-16,8
D044,C01366,MPV-Y,Brakes,2,2024-09-10,1
D044,C01367,EV-E1,Engine,3,2025-02-19,7
D045,C01368,EV-E1,Body,3,2025-01-20,8
D049,C01369,Hatch-A,AC,3,2024-11-18,9
D039,C01370,Hatch-A,Other,2,2024-07-21,5
D043,C01371,SUV-X,Body,2,2024-04-19,1
D039,C01372,MPV-Y,Engine,2,2024-08-31,10
D027,C01373,Sedan-Z,Other,3,2024-11-17,8
D044,C01374,MPV-Y,Electrical,3,2024-11-23,11
D025,C01375,EV-E1,Brakes,3,2024-05-19,8
D041,C01376,MPV-Y,Electrical,2,2024-02-12,3
D003,C01377,Sedan-Z,AC,2,2025-01-10,9
D039,C01378,Hatch-A,Electrical,1,2024-06-07,3
D003,C01379,MPV-Y,Body,2,2024-06-26,3
D050,C01380,SUV-X,AC,1,2024-05-19,3
D013,C01381,EV-E1,Brakes,3,2024-01-27,6
D047,C01382,Sedan-Z,AC,2,2024-06-02,5
D039,C01383,SUV-X,Engine,3,2024-03-03,11
D024,C01384,MPV-Y,Electrical,2,2024-10-11,10
